﻿P1,P2
VAC療法,"ActinomaycinD,Cyclophosphamide,Vincristine"
310_379　VAC-V-V（3歳≦）,"ActinomaycinD,Cyclophosphamide,Vincristine"
アレクチニブ,Alectinib
BU+MEL,"Busulfan,Melphalan"
BU/MEL,"Busulfan,Melphalan"
ICpE療法,"Carboplatin,Etoposide,Ifosfamide"
骨軟部 ICE (IFO/CBDCA/VP-16),"Carboplatin,Etoposide,Ifosfamide"
骨軟部 ICE (IFO/CBDCA/VP-16),"Carboplatin,Etoposide,Ifosfamide"
入-小-2_小児悪性固形腫瘍/ICE,"Carboplatin,Etoposide,Ifosfamide"
CDDP+RT療法,Cisplatin
TPF療法,"Cisplatin,Docetaxel,Fluorouracil"
CDDP＋ADR,"Cisplatin,Doxorubicin"
ソラフェニブ＋PLADO療法,"Cisplatin,Doxorubicin,Sorafenib"
CDDP + ETP,"Cisplatin,Etoposide"
VDC/IE交替療法,"Cyclophosphamide,Doxorubicin,Etoposide,Ifosfamide,Vincristine"
VDC-IE,"Cyclophosphamide,Doxorubicin,Etoposide,Ifosfamide,Vincristine"
VDC-IC療法,"Cyclophosphamide,Doxorubicin,Etoposide,Ifosfamide,Vincristine"
CVD療法,"Cyclophosphamide,Doxorubicin,Vincristine"
VDC療法,"Cyclophosphamide,Doxorubicin,Vincristine"
小児神経芽腫 Dinutuximab_CSF q4w,Dinutuximab
ユニツキシン　Custom Regimen,Dinutuximab
Gd２抗体療法,Dinutuximab
ユニツキシン療法,Dinutuximab
"入-小-562_神経芽腫ｼﾞﾇﾂｷｼﾏﾌﾞCSF（1,3,5ｺｰｽ）2歳以上",Dinutuximab
ユニツキシン療法,Dinutuximab
ジェセリ,Dinutuximab
ジュセリ,Dinutuximab
ジヌツキシマブ,Dinutuximab
DIN+FIL+TEC,"Dinutuximab,Teceleukin"
DIN+FIC+TEC,"Dinutuximab,Teceleukin"
ドセタキセル単剤（頭頸部皮膚癌）後発品,Docetaxel
ＤＯＣ,Docetaxel
GEM+DTX,"Docetaxel,Gemcitabine"
GEM+DOC【35 45】,"Docetaxel,Gemcitabine"
GEM+DOC,"Docetaxel,Gemcitabine"
GEM+DTX療法,"Docetaxel,Gemcitabine"
GD療法（GEM+DOC）【35 45】,"Docetaxel,Gemcitabine"
GEM-TXT,"Docetaxel,Gemcitabine"
GEM+DTX,"Docetaxel,Gemcitabine"
GEM(900mg/㎡)+DOC(70mg/㎡),"Docetaxel,Gemcitabine"
GEM＋DTX,"Docetaxel,Gemcitabine"
GEM(900mg/㎡)+DOC(70mg/㎡),"Docetaxel,Gemcitabine"
ドキソルビシン療法,Doxorubicin
ドキソルビシン,Doxorubicin
DXR療法（肉腫）,Doxorubicin
ドキソルビシン単剤,Doxorubicin
ADR（75）1day,Doxorubicin
ドキソルビシン単剤療法(75mg/㎡)【35 43 05】,Doxorubicin
328_105　DXR(75),Doxorubicin
ADR 【43】,Doxorubicin
ADR【35】,Doxorubicin
DXR,Doxorubicin
ADM単剤【35】,Doxorubicin
アドリアシン単剤（キャンサーボード：肉腫）,Doxorubicin
軟部 ADM q3w,Doxorubicin
DXR療法,Doxorubicin
ADM,Doxorubicin
Doxorubicin,Doxorubicin
ADM　単剤,Doxorubicin
ADR,Doxorubicin
アドリアマイシン,Doxorubicin
ADM単独療法,Doxorubicin
AI,"Doxorubicin,Ifosfamide"
《前》AI(ADM+IFM)【術後】(肉腫),"Doxorubicin,Ifosfamide"
IFO-ADM,"Doxorubicin,Ifosfamide"
ドキソルビシン　イフォスファミド,"Doxorubicin,Ifosfamide"
ＡＩ,"Doxorubicin,Ifosfamide"
IFM + DXR (AI療法）,"Doxorubicin,Ifosfamide"
アドリアマイシン単剤療法,"Doxorubicin,Ifosfamide"
《前》AI(ADM+IFM)【2nd line】(肉腫),"Doxorubicin,Ifosfamide"
アドリアマイシン、イフォマイド療法,"Doxorubicin,Ifosfamide"
アドリアシン+イフォマイド療法,"Doxorubicin,Ifosfamide"
ADM+IFO,"Doxorubicin,Ifosfamide"
アドリアマイシンーイフォスファミド療法,"Doxorubicin,Ifosfamide"
ADM+IFM,"Doxorubicin,Ifosfamide"
ADM（静注）+IFM（静注）,"Doxorubicin,Ifosfamide"
[IFO−ADM,"Doxorubicin,Ifosfamide"
AI療法,"Doxorubicin,Ifosfamide"
Durvalumab地固め療法,Durvalumab
Entrecrinib,Entrectinib
Entrectinib,Entrectinib
"Eribulin(d1,8)",Eribulin
エリブリン療法,Eribulin
Eribulin療法,Eribulin
ハラヴェン：１時間,Eribulin
Eribulin,Eribulin
(day1のみ)Halaven【22】,Eribulin
Halaven【35 腫 05 43 46】,Eribulin
Eribrin療法,Eribulin
Halaven(肉腫)【35 腫 05 43 46】,Eribulin
エリブリン,Eribulin
エブリン,Eribulin
328_096　ERI,Eribulin
"Eribulin(d1,8)",Eribulin
ハラヴェン,Eribulin
IFO＋VP16。,"Etoposide,Ifosfamide"
IE,"Etoposide,Ifosfamide"
IFO＋VP,"Etoposide,Ifosfamide"
TBI/Flu/MEL,"Fludarabine,Melphalan"
"weekly GEM (day1,8,15)",Gemcitabine
IFO単剤,Ifosfamide
Ifosfamide,Ifosfamide
IFO大量療法,Ifosfamide
イマチニブ,Imatinib
Imatinib Mesilate,Imatinib
グリベック,Imatinib
グリペック,Imatinib
イマチニブメシル酸塩,Imatinib
グリベック療法,Imatinib
imatinib,Imatinib
イマチニブ\nグリベック内服,Imatinib
ニボルマブ+イピリムマブ併用療法,"Ipilimumab,Nivolumab"
ＩＴ療法,"Irinotecan,Temozolomide"
ラロトレクチニブ療法,Larotrectinib
Larotrectinib療法,Larotrectinib
ヴァイトラックビ,Larotrectinib
ラロトレクチニブ,Larotrectinib
Larotorectinib,Larotrectinib
weekly PTX(進行・再発）,Paclitaxel
パクリタキセル,Paclitaxel
weekly PTX療法,Paclitaxel
ﾊﾟｸﾘﾀｷｾﾙ・Weekly,Paclitaxel
wPTX（血管肉腫 減量）80㎎/㎡,Paclitaxel
ﾊﾟｸﾘﾀｷｾﾙ,Paclitaxel
wPTX（血管肉腫）100㎎/㎡,Paclitaxel
パゾパニブ単剤療法,Pazopanib
パゾパニブ,Pazopanib
Pazopanib,Pazopanib
ﾊﾟｿﾞﾊﾟﾆﾌﾞ,Pazopanib
ヴォトリエント錠,Pazopanib
Pimitespib,Pimitespib
ジェセリ療法,Pimitespib
ビミテスビブ,Pimitespib
pimitespib,Pimitespib
スチバーガ,Regorafenib
regorafenib,Regorafenib
ソラフェニブ,Sorafenib
ソトラシブ,Sorafenib
Sunitinib,Sunitinib
スニチニブ,Sunitinib
スーテント,Sunitinib
スニチニブ治療,Sunitinib
sunitinib,Sunitinib
トラベクテジン療法,Trabectedin
Trabectedin療法,Trabectedin
トラベクテジン（TBT）療法,Trabectedin
TBT,Trabectedin
Trabectedin【35 腫 05 43 39】,Trabectedin
トラベクテジン,Trabectedin
ヨンデリス単剤療法,Trabectedin
328_068　トラベクテジン,Trabectedin
肉腫トラベクテジン,Trabectedin
MTX+VNB,"Methotrexate,Vinblastine"
エンコラフェニブ＋ビニメチニブ,"Binimetinib,Encorafenib"
入-小-367_神経芽腫 NGT+CPA/12kg未満,"Cyclophosphamide,Nogitecan"
小児神経芽腫 NGT/ETP(TE) q4w,"Etoposide,Nogitecan"
小児神経芽腫 NGT/CPA q4w,"Cyclophosphamide,Nogitecan"
Flu/Mel,"Fludarabine,Melphalan"
Topo/CY/Mel,"Cyclophosphamide,MelphalanNogitecan"
Adj Imatinib,Imatinib
カプマチニブ,Capmatinib
メキニスト単剤療法,Trametinib
GEM(900mg/㎡)+DOC(70mg/㎡) 【患者限定4465756】,"Docetaxel,Gemcitabine"
Imatinib,Imatinib