Organ,Histology,Patient_no,Day_180_survival,Year_1_survival,Year_2_survival,Year_3_survival,Year_4_survival,Time_50percent,Time_25percent,Year_1_reach_rate,Year_2_reach_rate,Year_3_reach_rate,Year_4_reach_rate,Deceased_patient_no,All_treatment_reach_no,Deceased_treatment_reach_no,Treatment_reach_rate_all,Treatment_reach_rate_deceased,Treatment_rate_crossing_date,Promising_survival_ratio,Patient_no_deceased_1_180,Patient_no_deceased_181_,Treatment_reach_no_deceased_1_180,Treatment_reach_no_deceased_181_,Treatment_reach_rate_deceased_1_180,Treatment_reach_rate_deceased_181_,Fisher_odds_ratio_estimate_180_vs_181,Fisher_odds_ratio_95CI_lower_limit_180_vs_181,Fisher_odds_ratio_95CI_upper_limit_180_vs_181,Fisher_p_value_180_vs_181,Patient_no_deceased_1_365,Patient_no_deceased_366_,Treatment_reach_no_deceased_1_365,Treatment_reach_no_deceased_366_,Treatment_reach_rate_deceased_1_365,Treatment_reach_rate_deceased_366_,Fisher_odds_ratio_estimate_365_vs_366,Fisher_odds_ratio_95CI_lower_limit_365_vs_366,Fisher_odds_ratio_95CI_upper_limit_365_vs_366,Fisher_p_value_365_vs_366
AMPULLA_OF_VATER,AMPCA;AMPULLA_OF_VATER;PAMPCA;IAMPCA;MAMPCA,458,0.715,0.465,0.215,0.138,0.092,342,661,0.037,0.05,0.048,0.048,209,18,10,0.039,0.048,224,0.655,100,109,1,9,0.01,0.083,8.198,1.102,364.842,0.022,161,48,6,4,0.037,0.083,2.226,0.443,9.838,0.253
BONE,CHOS;DDCHDM;BONE;ES;CHS;OS;OSOS;HGSOS;SCOS;TEOS;GCTB;FIOS;CCHDM;MYCHS;LGCOS;MCHS;EMCHS;CHBL;CHDM;SECOS;DDCHS;PEOS;PAOS;ADMA,536,0.832,0.621,0.393,0.274,0.221,483,1276,0.043,0.052,0.052,0.051,256,25,13,0.047,0.051,248,0.513,81,175,1,12,0.012,0.069,5.531,0.793,240.08,0.118,163,93,7,6,0.043,0.065,1.5,0.404,5.386,0.559
SOFT_TISSUE;BONE;PNS;BRAIN,GS;RCSNOS;CHOS;SCSRMS;SOFT_TISSUE;EPIS;DDLS;WDLS;DDCHDM;MPNST;ARMS;BONE;PNS;MFH;ESST;ES;LMS;NBL;CHS;CCS;OS;GIST;SARCNOS;LIPO;PLLS;SYNS;MFS;OSOS;ANGS;EHAE;ERMS;SFT;INTS;ONBL;HGSOS;DSRCT;SCOS;STMYEC;GNBL;FIBS;TEOS;IFS;MRLS;GCTB;FIOS;HDCS;NFIB;CCHDM;MYCHS;IMT;PLRMS;ASPS;LGCOS;SCRMS;RMS;MCHS;EMCHS;CHBL;DES;CHDM;DCS;PGNG;SECOS;PECOMA;PTES;PMHE;LGFMS;NST;DDCHS;OFMT;PEOS;MPC;PAOS;AFH;LM;SEF;MSCHW;HEMA;ADMA;RAS;GN;SCHW,3611,0.821,0.653,0.453,0.327,0.245,613,1378,0.044,0.054,0.055,0.056,1366,179,76,0.05,0.056,165,0.269,547,819,22,54,0.04,0.066,1.639,0.968,2.861,0.055,923,443,41,35,0.044,0.079,1.778,1.083,2.906,0.017
VULVA,VULVA;VA;VSC;VMM,64,0.969,0.953,0.652,0.531,0.356,1110,1475.0,0.333,0.545,0.542,0.471,39,26,20,0.406,0.513,94,0.085,2,37,1,19,0.500,0.514,1.027,0.050,63.717,1.000,3,36,1,19,0.333,0.528,1.572,0.117,87.393,1.000
