Gene	Conversion_rate
APC	Middle, only age<30
ATM	High
BAP1	Middle
BARD1	High
BMPR1A	Low
BRCA1	High
BRCA2	High
BRIP1	High
CDH1	Middle, but Low for Breast Ca
CDKN2A	Middle, only age<30
CHEK2	High
DICER1	Middle
FH	High
FLCN	High
MAX	Low
MEN1	Middle
MLH1	High
MSH2	High
MSH6	High
MUTYH	High
NF1	Middle, only age<30 & tumor type A
NF2	Low
PALB2	High
PMS2	High
POLD1	High
POLE	High
PTEN	Low
RAD51C	High
RAD51D	High
RB1	Middle, only age<30
RET	High
SDHA	High
SDHAF2	High
SDHB	High
SDHC	High
SDHD	High
SMAD4	Low
SMARCA4	High, only age<30
STK11	Low
TGFBR2	Low
TMEM127	High
TP53	Middle, only age<30 & tumor type B
TSC1	Low
TSC2	Middle
VHL	High, but Low for renal tumor
WT1	Low
