Gene	Actionability	Condition	Total_PV	GPV
APC	HA-CSG	On-tumour	2083	15
APC	HA-CSG	Off-Tumour	286	12
APC	HA-CSG	-Age <30 on-tumour	53	8
APC	HA-CSG	-Age <30 off-tumour	9	2
ATM	SA-CSG	On-tumour	196	134
ATM	SA-CSG	Off-Tumour	427	194
ATM	SA-CSG	-Age <30 on-tumour	4	3
ATM	SA-CSG	-Age <30 off-tumour	21	14
BAP1	SA-CSG	On-tumour	157	13
BAP1	SA-CSG	Off-Tumour	169	21
BAP1	SA-CSG	-Age <30 on-tumour	4	0
BAP1	SA-CSG	-Age <30 off-tumour	4	1
BARD1	SA-CSG	On-tumour	8	6
BARD1	SA-CSG	Off-Tumour	52	39
BARD1	SA-CSG	-Age <30 on-tumour	0	0
BARD1	SA-CSG	-Age <30 off-tumour	2	2
BMPR1A	HA-CSG	On-tumour	7	0
BMPR1A	HA-CSG	Off-Tumour	6	0
BMPR1A	HA-CSG	-Age <30 on-tumour	0	0
BMPR1A	HA-CSG	-Age <30 off-tumour	0	0
BRCA1	MA-CSG	On-tumour	421	325
BRCA1	MA-CSG	Off-Tumour	194	167
BRCA1	MA-CSG	-Age <30 on-tumour	30	28
BRCA1	MA-CSG	-Age <30 off-tumour	13	12
BRCA2	MA-CSG	On-tumour	594	478
BRCA2	MA-CSG	Off-Tumour	238	196
BRCA2	MA-CSG	-Age <30 on-tumour	18	18
BRCA2	MA-CSG	-Age <30 off-tumour	16	14
BRIP1	HA-CSG	On-tumour	14	13
BRIP1	HA-CSG	Off-Tumour	96	79
BRIP1	HA-CSG	-Age <30 on-tumour	0	0
BRIP1	HA-CSG	-Age <30 off-tumour	7	7
CDC73	SA-CSG	On-tumour	1	0
CDC73	SA-CSG	Off-Tumour	13	1
CDC73	SA-CSG	-Age <30 on-tumour	0	0
CDC73	SA-CSG	-Age <30 off-tumour	0	0
CDH1	SA-CSG	On-tumour	419	16
CDH1	SA-CSG	Off-Tumour	49	3
CDH1	SA-CSG	-Age <30 on-tumour	3	0
CDH1	SA-CSG	-Age <30 off-tumour	2	0
CDK4	SA-CSG	On-tumour	2	0
CDK4	SA-CSG	Off-Tumour	0	0
CDK4	SA-CSG	-Age <30 on-tumour	1	0
CDK4	SA-CSG	-Age <30 off-tumour	0	0
CDKN2A	SA-CSG	On-tumour	256	10
CDKN2A	SA-CSG	Off-Tumour	420	19
CDKN2A	SA-CSG	-Age <30 on-tumour	9	1
CDKN2A	SA-CSG	-Age <30 off-tumour	12	3
CHEK2	SA-CSG	On-tumour	68	62
CHEK2	SA-CSG	Off-Tumour	140	125
CHEK2	SA-CSG	-Age <30 on-tumour	3	3
CHEK2	SA-CSG	-Age <30 off-tumour	12	12
DICER1	SA-CSG	On-tumour	14	4
DICER1	SA-CSG	Off-Tumour	31	7
DICER1	SA-CSG	-Age <30 on-tumour	11	4
DICER1	SA-CSG	-Age <30 off-tumour	3	1
FH	SA-CSG	On-tumour	13	11
FH	SA-CSG	Off-Tumour	19	11
FH	SA-CSG	-Age <30 on-tumour	3	3
FH	SA-CSG	-Age <30 off-tumour	1	1
FLCN	SA-CSG	On-tumour	6	5
FLCN	SA-CSG	Off-Tumour	49	22
FLCN	SA-CSG	-Age <30 on-tumour	0	0
FLCN	SA-CSG	-Age <30 off-tumour	3	1
HRAS	SA-CSG	On-tumour	12	0
HRAS	SA-CSG	Off-Tumour	24	0
HRAS	SA-CSG	-Age <30 on-tumour	0	0
HRAS	SA-CSG	-Age <30 off-tumour	2	0
KIT	SA-CSG	On-tumour	46	0
KIT	SA-CSG	Off-Tumour	5	0
KIT	SA-CSG	-Age <30 on-tumour	1	0
KIT	SA-CSG	-Age <30 off-tumour	1	0
MAX	HA-CSG	On-tumour	0	0
MAX	HA-CSG	Off-Tumour	46	2
MAX	HA-CSG	-Age <30 on-tumour	0	0
MAX	HA-CSG	-Age <30 off-tumour	2	0
MEN1	HA-CSG	On-tumour	95	2
MEN1	HA-CSG	Off-Tumour	114	6
MEN1	HA-CSG	-Age <30 on-tumour	0	0
MEN1	HA-CSG	-Age <30 off-tumour	1	1
MET	SA-CSG	On-tumour	0	0
MET	SA-CSG	Off-Tumour	1	0
MET	SA-CSG	-Age <30 on-tumour	0	0
MET	SA-CSG	-Age <30 off-tumour	0	0
MLH1	MA-CSG	On-tumour	16	9
MLH1	MA-CSG	Off-Tumour	27	13
MLH1	MA-CSG	-Age <30 on-tumour	2	0
MLH1	MA-CSG	-Age <30 off-tumour	3	2
MSH2	MA-CSG	On-tumour	16	11
MSH2	MA-CSG	Off-Tumour	21	11
MSH2	MA-CSG	-Age <30 on-tumour	3	3
MSH2	MA-CSG	-Age <30 off-tumour	2	2
MSH6	MA-CSG	On-tumour	31	18
MSH6	MA-CSG	Off-Tumour	47	25
MSH6	MA-CSG	-Age <30 on-tumour	1	0
MSH6	MA-CSG	-Age <30 off-tumour	2	0
MUTYH	HA-CSG	On-tumour	145	142
MUTYH	HA-CSG	Off-Tumour	580	572
MUTYH	HA-CSG	-Age <30 on-tumour	11	11
MUTYH	HA-CSG	-Age <30 off-tumour	38	38
NF1	SA-CSG	On-tumour	275	35
NF1	SA-CSG	Off-Tumour	427	28
NF1	SA-CSG	-Age <30 on-tumour	39	21
NF1	SA-CSG	-Age <30 off-tumour	15	2
NF2	HA-CSG	On-tumour	58	2
NF2	HA-CSG	Off-Tumour	171	0
NF2	HA-CSG	-Age <30 on-tumour	8	2
NF2	HA-CSG	-Age <30 off-tumour	7	0
NRAS	SA-CSG	On-tumour	8	0
NRAS	SA-CSG	Off-Tumour	255	0
NRAS	SA-CSG	-Age <30 on-tumour	5	0
NRAS	SA-CSG	-Age <30 off-tumour	8	0
PALB2	MA-CSG	On-tumour	67	56
PALB2	MA-CSG	Off-Tumour	69	53
PALB2	MA-CSG	-Age <30 on-tumour	1	0
PALB2	MA-CSG	-Age <30 off-tumour	7	7
PMS2	HA-CSG	On-tumour	14	11
PMS2	HA-CSG	Off-Tumour	36	30
PMS2	HA-CSG	-Age <30 on-tumour	1	1
PMS2	HA-CSG	-Age <30 off-tumour	1	1
POLD1	SA-CSG	On-tumour	14	10
POLD1	SA-CSG	Off-Tumour	40	28
POLD1	SA-CSG	-Age <30 on-tumour	0	0
POLD1	SA-CSG	-Age <30 off-tumour	4	3
POLE	SA-CSG	On-tumour	21	16
POLE	SA-CSG	Off-Tumour	56	39
POLE	SA-CSG	-Age <30 on-tumour	2	2
POLE	SA-CSG	-Age <30 off-tumour	3	2
PTCH1	SA-CSG	On-tumour	14	2
PTCH1	SA-CSG	Off-Tumour	34	7
PTCH1	SA-CSG	-Age <30 on-tumour	3	1
PTCH1	SA-CSG	-Age <30 off-tumour	5	2
PTEN	HA-CSG	On-tumour	502	3
PTEN	HA-CSG	Off-Tumour	583	3
PTEN	HA-CSG	-Age <30 on-tumour	14	1
PTEN	HA-CSG	-Age <30 off-tumour	23	2
RAD51C	HA-CSG	On-tumour	11	10
RAD51C	HA-CSG	Off-Tumour	33	27
RAD51C	HA-CSG	-Age <30 on-tumour	0	0
RAD51C	HA-CSG	-Age <30 off-tumour	4	3
RAD51D	HA-CSG	On-tumour	18	17
RAD51D	HA-CSG	Off-Tumour	24	18
RAD51D	HA-CSG	-Age <30 on-tumour	0	0
RAD51D	HA-CSG	-Age <30 off-tumour	0	0
RB1	HA-CSG	On-tumour 	99	23
RB1	HA-CSG	Off-Tumour	1142	14
RB1	HA-CSG	-Age <30 on-tumour	79	23
RB1	HA-CSG	-Age <30 off-tumour	41	11
RET	MA-CSG	On-tumour	41	9
RET	MA-CSG	Off-Tumour	26	23
RET	MA-CSG	-Age <30 on-tumour	7	3
RET	MA-CSG	-Age <30 off-tumour	1	1
SDHA	SA-CSG	On-tumour	8	6
SDHA	SA-CSG	Off-Tumour	42	37
SDHA	SA-CSG	-Age <30 on-tumour	6	5
SDHA	SA-CSG	-Age <30 off-tumour	3	2
SDHAF2	HA-CSG	On-tumour	0	0
SDHAF2	HA-CSG	Off-Tumour	17	16
SDHAF2	HA-CSG	-Age <30 on-tumour	0	0
SDHAF2	HA-CSG	-Age <30 off-tumour	0	0
SDHB	HA-CSG	On-tumour	23	22
SDHB	HA-CSG	Off-Tumour	12	10
SDHB	HA-CSG	-Age <30 on-tumour	6	6
SDHB	HA-CSG	-Age <30 off-tumour	1	1
SDHC	HA-CSG	On-tumour	2	2
SDHC	HA-CSG	Off-Tumour	8	5
SDHC	HA-CSG	-Age <30 on-tumour	1	1
SDHC	HA-CSG	-Age <30 off-tumour	0	0
SDHD	HA-CSG	On-tumour	0	0
SDHD	HA-CSG	Off-Tumour	4	3
SDHD	HA-CSG	-Age <30 on-tumour	0	0
SDHD	HA-CSG	-Age <30 off-tumour	1	1
SMAD3	SA-CSG	On-tumour	0	0
SMAD3	SA-CSG	Off-Tumour	54	7
SMAD3	SA-CSG	-Age <30 on-tumour	0	0
SMAD3	SA-CSG	-Age <30 off-tumour	2	1
SMAD4	HA-CSG	On-tumour	111	2
SMAD4	HA-CSG	Off-Tumour	227	3
SMAD4	HA-CSG	-Age <30 on-tumour	6	1
SMAD4	HA-CSG	-Age <30 off-tumour	1	0
SMARCA4	SA-CSG	On-tumour 	11	4
SMARCA4	SA-CSG	Off-Tumour	175	5
SMARCA4	SA-CSG	-Age <30 on-tumour	5	3
SMARCA4	SA-CSG	-Age <30 off-tumour	2	0
SMARCB1	SA-CSG	On-tumour	11	1
SMARCB1	SA-CSG	Off-Tumour	41	3
SMARCB1	SA-CSG	-Age <30 on-tumour	4	1
SMARCB1	SA-CSG	-Age <30 off-tumour	2	1
STK11	HA-CSG	On-tumour	64	2
STK11	HA-CSG	Off-Tumour	389	1
STK11	HA-CSG	-Age <30 on-tumour	2	0
STK11	HA-CSG	-Age <30 off-tumour	5	0
SUFU	SA-CSG	On-tumour	1	1
SUFU	SA-CSG	Off-Tumour	21	2
SUFU	SA-CSG	-Age <30 on-tumour	1	1
SUFU	SA-CSG	-Age <30 off-tumour	3	2
TERT	SA-CSG	On-tumour	0	0
TERT	SA-CSG	Off-Tumour	2	2
TERT	SA-CSG	-Age <30 on-tumour	0	0
TERT	SA-CSG	-Age <30 off-tumour	1	1
TMEM127	HA-CSG	On-tumour	0	0
TMEM127	HA-CSG	Off-Tumour	10	6
TMEM127	HA-CSG	-Age <30 on-tumour	0	0
TMEM127	HA-CSG	-Age <30 off-tumour	2	2
TP53	HA-CSG	On-tumour	3286	46
TP53	HA-CSG	Off-Tumour	4590	22
TP53	HA-CSG	-Age <30 on-tumour	253	13
TP53	HA-CSG	-Age <30 off-tumour	83	4
TSC1	HA-CSG	On-tumour	30	0
TSC1	HA-CSG	Off-Tumour	125	1
TSC1	HA-CSG	-Age <30 on-tumour	4	0
TSC1	HA-CSG	-Age <30 off-tumour	2	0
TSC2	HA-CSG	On-tumour	34	3
TSC2	HA-CSG	Off-Tumour	93	18
TSC2	HA-CSG	-Age <30 on-tumour	4	1
TSC2	HA-CSG	-Age <30 off-tumour	1	0
VHL	HA-CSG	On-tumour	205	6
VHL	HA-CSG	Off-Tumour	25	16
VHL	HA-CSG	-Age <30 on-tumour	5	1
VHL	HA-CSG	-Age <30 off-tumour	2	0
WT1	HA-CSG	On-tumour	2	0
WT1	HA-CSG	Off-Tumour	16	0
WT1	HA-CSG	-Age <30 on-tumour	2	0
WT1	HA-CSG	-Age <30 off-tumour	1	0