﻿P1,P2
310_379　VAC-V-V（3歳≦）,"ActinomaycinD,Cyclophosphamide,Vincristine"
VAC療法,"ActinomaycinD,Cyclophosphamide,Vincristine"
Afatinib,Afatinib
アファチニブ,Afatinib
アレクチニブ,Alectinib
アレクチニブ,Alectinib
アレクチニブ療法,Alectinib
アムルビシン,Amrubicin
Atezolizumab,Atezolizumab
atezolizumab,Atezolizumab
エンコラフェニブ＋ビニメチニブ,"Binimetinib,Encorafenib"
Brigatinib,Brigatinib
アルニブリグ,Brigatinib
アルンブリグ,Brigatinib
グリグチニブ,Brigatinib
ブリガチニブ,Brigatinib
ブリグチニブ,Brigatinib
ブリグニチブ,Brigatinib
BU/MEL,"Busulfan,Melphalan"
BU+MEL,"Busulfan,Melphalan"
Cabozantinib,Cabozantinib
カブマチニブ,Capmatinib
カプマチニブ,Capmatinib
カプマチニブ療法,Capmatinib
タブレクタ,Capmatinib
ICpE療法,"Carboplatin,Etoposide,Ifosfamide"
入-小-2_小児悪性固形腫瘍/ICE,"Carboplatin,Etoposide,Ifosfamide"
骨軟部 ICE (IFO/CBDCA/VP-16),"Carboplatin,Etoposide,Ifosfamide"
骨軟部 ICE (IFO/CBDCA/VP-16),"Carboplatin,Etoposide,Ifosfamide"
ジカディア,Ceritinib
CDDP+RT療法,Cisplatin
TPF療法,"Cisplatin,Docetaxel,Fluorouracil"
CDDP＋ADR,"Cisplatin,Doxorubicin"
ソラフェニブ＋PLADO療法,"Cisplatin,Doxorubicin,Sorafenib"
CDDP + ETP,"Cisplatin,Etoposide"
ザーコリ,Crizotinib
VDC-IC療法,"Cyclophosphamide,Doxorubicin,Etoposide,Ifosfamide,Vincristine"
VDC-IE,"Cyclophosphamide,Doxorubicin,Etoposide,Ifosfamide,Vincristine"
VDC/IE交替療法,"Cyclophosphamide,Doxorubicin,Etoposide,Ifosfamide,Vincristine"
CVD療法,"Cyclophosphamide,Doxorubicin,Vincristine"
VDC療法,"Cyclophosphamide,Doxorubicin,Vincristine"
Topo/CY/Mel,"Cyclophosphamide,Melphalan,Nogitecan"
入-小-367_神経芽腫 NGT+CPA/12kg未満,"Cyclophosphamide,Nogitecan"
小児神経芽腫 NGT/CPA q4w,"Cyclophosphamide,Nogitecan"
ランマーク単独療法,Denosumab
Gd２抗体療法,Dinutuximab
ジェセリ,Dinutuximab
ジヌツキシマブ,Dinutuximab
ジュセリ,Dinutuximab
ユニツキシン　Custom Regimen,Dinutuximab
ユニツキシン療法,Dinutuximab
ユニツキシン療法,Dinutuximab
"入-小-562_神経芽腫ｼﾞﾇﾂｷｼﾏﾌﾞCSF（1,3,5ｺｰｽ）2歳以上",Dinutuximab
小児神経芽腫 Dinutuximab_CSF q4w,Dinutuximab
DIN+FIC+TEC,"Dinutuximab,Teceleukin"
DIN+FIL+TEC,"Dinutuximab,Teceleukin"
ＤＯＣ,Docetaxel
DTX,Docetaxel
ドセタキセル単剤（頭頸部皮膚癌）後発品,Docetaxel
GD療法（GEM+DOC）【35 45】,"Docetaxel,Gemcitabine"
GEM-TXT,"Docetaxel,Gemcitabine"
GEM(900mg/㎡)+DOC(70mg/㎡),"Docetaxel,Gemcitabine"
GEM(900mg/㎡)+DOC(70mg/㎡),"Docetaxel,Gemcitabine"
GEM(900mg/㎡)+DOC(70mg/㎡) 【患者限定4465756】,"Docetaxel,Gemcitabine"
GEM+DOC,"Docetaxel,Gemcitabine"
GEM+DOC【35 45】,"Docetaxel,Gemcitabine"
GEM+DTX,"Docetaxel,Gemcitabine"
GEM+DTX,"Docetaxel,Gemcitabine"
GEM＋DTX,"Docetaxel,Gemcitabine"
GEM+DTX療法,"Docetaxel,Gemcitabine"
328_105　DXR(75),Doxorubicin
ADM,Doxorubicin
ADM　単剤,Doxorubicin
ADM単剤【35】,Doxorubicin
ADM単独療法,Doxorubicin
ADR,Doxorubicin
ADR 【43】,Doxorubicin
ADR（75）1day,Doxorubicin
ADR【35】,Doxorubicin
Doxorubicin,Doxorubicin
DXR,Doxorubicin
DXR療法,Doxorubicin
DXR療法（肉腫）,Doxorubicin
アドリアシン単剤（キャンサーボード：肉腫）,Doxorubicin
アドリアマイシン,Doxorubicin
ドキソルビシン,Doxorubicin
ドキソルビシン単剤,Doxorubicin
ドキソルビシン単剤療法(75mg/㎡)【35 43 05】,Doxorubicin
ドキソルビシン療法,Doxorubicin
軟部 ADM q3w,Doxorubicin
[IFO−ADM,"Doxorubicin,Ifosfamide"
《前》AI(ADM+IFM)【2nd line】(肉腫),"Doxorubicin,Ifosfamide"
《前》AI(ADM+IFM)【術後】(肉腫),"Doxorubicin,Ifosfamide"
ADM（静注）+IFM（静注）,"Doxorubicin,Ifosfamide"
ADM+IFM,"Doxorubicin,Ifosfamide"
ADM+IFO,"Doxorubicin,Ifosfamide"
AI,"Doxorubicin,Ifosfamide"
ＡＩ,"Doxorubicin,Ifosfamide"
AI療法,"Doxorubicin,Ifosfamide"
IFM + DXR (AI療法）,"Doxorubicin,Ifosfamide"
IFO-ADM,"Doxorubicin,Ifosfamide"
アドリアシン+イフォマイド療法,"Doxorubicin,Ifosfamide"
アドリアマイシン、イフォマイド療法,"Doxorubicin,Ifosfamide"
アドリアマイシンーイフォスファミド療法,"Doxorubicin,Ifosfamide"
アドリアマイシン単剤療法,"Doxorubicin,Ifosfamide"
ドキソルビシン　イフォスファミド,"Doxorubicin,Ifosfamide"
Durvalumab,Durvalumab
Durvalumab地固め療法,Durvalumab
Entrecrinib,Entrectinib
Entrectinib,Entrectinib
エヌトレクチニブ単剤療法,Entrectinib
(day1のみ)Halaven【22】,Eribulin
328_096　ERI,Eribulin
Eribrin療法,Eribulin
Eribulin,Eribulin
"Eribulin(d1,8)",Eribulin
"Eribulin(d1,8)",Eribulin
Eribulin療法,Eribulin
Halaven(肉腫)【35 腫 05 43 46】,Eribulin
Halaven【35 腫 05 43 46】,Eribulin
エブリン,Eribulin
エリブリン,Eribulin
エリブリン療法,Eribulin
ハラヴェン,Eribulin
ハラヴェン：１時間,Eribulin
IE,"Etoposide,Ifosfamide"
IFO＋VP,"Etoposide,Ifosfamide"
IFO＋VP16。,"Etoposide,Ifosfamide"
小児神経芽腫 NGT/ETP(TE) q4w,"Etoposide,Nogitecan"
Flu/Mel,"Fludarabine,Melphalan"
TBI/Flu/MEL,"Fludarabine,Melphalan"
GEF,Gefitinib
Gefitinib,Gefitinib
イレッサ,Gefitinib
ゲフィチニブ,Gefitinib
ゲフィチニブ単剤治療,Gefitinib
ゲフィチニブ療法,Gefitinib
GEM,Gemcitabine
GEM単剤,Gemcitabine
"weekly GEM (day1,8,15)",Gemcitabine
ゲムシタビン,Gemcitabine
Ifosfamide,Ifosfamide
IFO単剤,Ifosfamide
IFO大量療法,Ifosfamide
Adj Imatinib,Imatinib
imatinib,Imatinib
Imatinib,Imatinib
Imatinib Mesilate,Imatinib
イマチニブ,Imatinib
イマチニブ\nグリベック内服,Imatinib
イマチニブメシル酸塩,Imatinib
グリベック,Imatinib
グリペック,Imatinib
グリベック療法,Imatinib
ニボルマブ+イピリムマブ併用療法,"Ipilimumab,Nivolumab"
ＩＴ療法,"Irinotecan,Temozolomide"
Larotorectinib,Larotrectinib
Larotrectinib療法,Larotrectinib
ヴァイトラックビ,Larotrectinib
ラロトレクチニブ,Larotrectinib
ラロトレクチニブ療法,Larotrectinib
Rolratinib,Lorlatinib
MTX+VNB,"Methotrexate,Vinblastine"
NIVO,Nivolumab
"NIVO
",Nivolumab
Nivolumab,Nivolumab
nivolumab,Nivolumab
オプジーボ,Nivolumab
ニボルマブ単剤,Nivolumab
ニボルマブ単剤療法,Nivolumab
ニボルマブ療法,Nivolumab
Osimertinib,Osimertinib
タグリッソ,Osimertinib
weekly PTX(進行・再発）,Paclitaxel
weekly PTX療法,Paclitaxel
wPTX（血管肉腫 減量）80㎎/㎡,Paclitaxel
wPTX（血管肉腫）100㎎/㎡,Paclitaxel
パクリタキセル,Paclitaxel
ﾊﾟｸﾘﾀｷｾﾙ,Paclitaxel
ﾊﾟｸﾘﾀｷｾﾙ・Weekly,Paclitaxel
Pazopanib,Pazopanib
ヴォトリエント錠,Pazopanib
パゾパニブ,Pazopanib
ﾊﾟｿﾞﾊﾟﾆﾌﾞ,Pazopanib
パゾパニブ単剤療法,Pazopanib
Pembro,Pembrolizumab
Pembrolizumab,Pembrolizumab
pembrolizumab,Pembrolizumab
ペムブロリズマブ,Pembrolizumab
ペンブロリズマブ,Pembrolizumab
Pimitespib,Pimitespib
pimitespib,Pimitespib
ジェセリ療法,Pimitespib
ビミテスビブ,Pimitespib
regorafenib,Regorafenib
スチバーガ,Regorafenib
セルペルカチニブ内服,Selpercatinib
レットヴィモ単剤,Selpercatinib
ソトラシブ,Sorafenib
ソラフェニブ,Sorafenib
ソトラシブ,Sotorasib
ルマケラス,Sotorasib
Sunitinib,Sunitinib
sunitinib,Sunitinib
スーテント,Sunitinib
スニチニブ,Sunitinib
スニチニブ治療,Sunitinib
Tepotinib,Tepotinib
テプミトコ,Tepotinib
328_068　トラベクテジン,Trabectedin
TBT,Trabectedin
Trabectedin【35 腫 05 43 39】,Trabectedin
Trabectedin療法,Trabectedin
トラベクテジン,Trabectedin
トラベクテジン（TBT）療法,Trabectedin
トラベクテジン療法,Trabectedin
ヨンデリス単剤療法,Trabectedin
肉腫トラベクテジン,Trabectedin
メキニスト単剤療法,Trametinib
(2回目以降)CBDCA+nab-PTX+Atezolizumab【03 24】,
(2回目以降)CBDCA+PEM+BV(ﾌﾟﾛｲﾒﾝﾄﾞ)【03 24】,
(2回目以降)CBDCA+PEM+BV【03 24】,
(2回目以降)CDDP+PEM+BV【03 24】(ｼｮｰﾄﾊｲﾄﾞﾚｰｼｮﾝ),
(2回目以降)DTX+Ramucirumab【03 24】,
(2回目以降)PEM+BV【03 24】,
☆肺VNR,
301_010 CBDCA+PEM,
301_011 PEM単剤,
301_050 shortCDDP+PEM+BEV（90）,
ABCP,
ABCP療法,
ABP療法,
Adj UFT,
AFATINIB MALEATE ,
Alectinib,
ALECTINIB HYDROCHLORIDE ,
ａｔｅｚｏ,
Atezo+CBDCA+PEM,
ATZ,
BDCA+PEM,
BEV,
Bevacizumab療法,
BEV療法,
biweekly PTX,
Brigtinib,
BV維持療法,
Car/Pem/Pembro,
Car/TS1,
Car+Pem,
Carboplatin+nab-paclitaxel,
Carboplatin+nab-paclitaxel療法,
carboplatin+pemetrexed,
CBDCA + PTX,
CBDCA(AUC２)+PTX+RT（weekly 6週分）,
CBDCA(AUC5)+PEM 【03 24】,
CBDCA(AUC6)+PEM【03 24】,
CBDCA(AUC6)+PTX（200mg/ｍ2）+Pemb（200mg/body),
CBDCA/GEM,
CBDCA/nab-PTX,
CBDCA/naｂ−PTX,
CBDCA/nabPac,
CBDCA/PTX,
CBDCA+nab-Paclitaxel,
CBDCA＋nab-PTX,
CBDCA+nab-PTX,
CBDCA+nab-PTX+Bmab,
CBDCA+nab-PTX+Pembro,
CBDCA+nab-PTX+Prmbro,
CBDCA＋nab-PTX＋キイトルーダ,
"CBDCA+nab-PTX併用療法：3時間（day8,15：2時間）",
CBDCA+nab+PTX,
CBDCA＋nabPTX,
CBDCA+nabPTX,
CBDCA＋nabPTX＋Atezo療法,
CBDCA+NVB,
CBDCA+PEM,
CBDCA＋PEM,
CBDCA+PEM(中皮腫) 【03 24 05】,
CBDCA＋PEM+Atezolizumab,
CBDCA+PEM+Atezolizumab,
CBDCA+PEM+BEV,
CBDCA+PEM+Bev,
CBDCA＋PEM＋Bev,
CBDCA+Pem+Bev,
CBDCA+PEM＋Bev,
CBDCA＋PEM+BEV,
CBDCA+PEM+Bev+Erlotinib,
CBDCA+PEM+Bmab,
CBDCA+PEM+BV,
CBDCA+PEM＋BV 【03 24】,
CBDCA＋PEM＋Ipi＋Nivo,
CBDCA＋PEM+Ipilimumab+Nivolumab,
CBDCA+PEM+Nivolumab+Ipilimumab,
CBDCA+PEM+Pembro,
CBDCA+PEM+Pembrolizumab,
CBDCA＋PEM＋Pembrolizumab,
CBDCA+PEM+Pembrolizumab【03 24】,
CBDCA＋PEM+Pembrolizumad,
CBDCA+PEM+Pembrolizumb,
CBDCA+pemetrexed,
CBDCA+Pemetrexed+Pembrolizumab→Pemetrexed+Pembrolizumab,
CBDCA+PTX,
CBDCA+PTX（+RT）,
CBDCA+PTX(ﾌﾟﾛｲﾒﾝﾄﾞ)【03 24】,
CBDCA+PTX+Bev,
CBDCA+PTX+BEV+Atezo,
CBDCA+PTX+Bmab,
CBDCA+PTX+BV+Atezo,
CBDCA＋PTX＋BV＋テセントリク,
CBDCA＋PTX＋キイトルーダ,
CBDCA+S-1,
CBDCA＋TS-1,
CBDCA+アムリタ+キイトルーダ,
CBDCA+ペメトレキセド+ベバシズマブ,
CDDP + PEM,
CDDP + TS-1→TS-1隔日投与,
CDDP + VNR,
CDDP?DTX療法,
CDDP/DOC/TRT,
CDDP/PEM,
CDDP/S-1 陽子線,
CDDP+DOC,
CDDP+DTX,
CDDP+ETP,
CDDP+PEM,
CDDP+PEM 【03 24】,
CDDP+PEM 【03 24】（ショートハイドレーション）,
CDDP+PEM+Bev,
CDDP+PEM+BEV,
CDDP＋PEM＋Bev,
CDDP+PEM+Bmab,
ＣDDＰ＋PEM＋BV,
CDDP+PEM+Pembrolizumab,
CDDP+PEN,
CDDP+REM+Pembrolizumab,
CDDP＋S-1,
CDDP+TS-1,
"CDDP＋vinerybine
",
CDDP+VNR,
CDDP＋VNR,
CDDP+VNR+RT,
CheckMate 9LA,
Cis/Pem,
Cis/Vin,
Cis+Doc 同時照射 (Short Hydration),
CPT-11（進行・再発）,
Crizotinib,
Crizotnib,
CRT（weekly CBDCA+weeklyPTX),
Custom Regimen,
Custom Regimen（Brigatinib）,
Doc,
DOC,
DOC 【03 24】,
DOC(60)療法,
DOC【03 24】,
Doc/Ram,
DOC+CDDP,
DOC+RAM,
Doc+Ram,
DOC＋RAM,
Docetaxel,
Docetaxel (d1),
Docetaxel+Ramcirumab,
Docetaxel+Ramucirumab療法,
DTX　RAM,
DTX（tri-weekly）,
DTX（tri-weekly）：４時間,
DTX(乳)【22】,
DTX+CDDP+Durvalumab,
DTX+Nivo,
DTX+RAM,
DTX＋RAM,
DTX+Ram,
DTx+Ram,
DTX＋Ram,
DTX+ラムシルマブ,
Dulvalumab,
Durb(10mg/kg）維持療法,
Durbalmab,
Durva,
durvalmab,
Durvalmab維持療法(小細胞肺癌)【03 24】,
Durvalumab療法,
DXT,
Entrectinib,
Erlotinib,
Erlotinib+Bevacizumab,
gefitinib,
gefitinib療法,
Gem,
GEM 【03 24】,
GEM/VNR,
GEM＋CBDCA,
GEM+nab-PTX,
investigational Agent,
Investigational Agent,
Ipilimumab+Nivolumab+CBDCA+PEM,
nab-PTX,
Nivo,
NIVO+IPI 併用療法【45 05】,
NIVO+IPI 併用療法【45】,
NIVO+IPI+CBDCA+PEM【03 24】,
NIVO+IPI+CBDCA+PTX【03 24】,
Nivolmab,
NPT/CPT,
Osimertinbi+Bevacizumad,
osimertinib,
OSIMERTINIB MESILATE,
Osinertinib,
PDC,
PEM,
Pem,
ｐｅｍ,
PEM 【03 24】,
PEM+BEV,
PEM+BEV維持療法,
PEM+Bmab,
PEM+CBDCA,
PEM＋CBDCA＋PEMB,
PEM＋PEMB,
PEM+Peｍbro,
PEM+Pembrolizumab,
Pembro+Car+Pem,
Pembro+Pem,
Pembrolizimab,
Pembrolizmab,
pembrolizumab CBDCA PEM,
PEM療法,
PTX,
ｑ3ｗ DCT(進行・再発）,
Ram/DTX,
RAM+DOC,
RAM+DOC療法,
RAM+DTX,
RET,
RT CBDCA+PTX(導入療法)【03 24】,
S-1,
S-1単剤,
S-1単剤療法,
S-1療法,
S1,
S1単剤療法,
Ｓ1療法,
Selpercatinib,
Sotoracib,
Sotorasib,
sotorasib,
TC+Durvalumab,
Tepotinib単剤療法,
Trasutuzumab Emtansine,
Tri-weekly CBDCA(AUC:6)+PTX：６時間,
TS-1,
TS-1療法,
TS1,
UFT,
UFT療法,
VNR,
"VNR (d1,8)",
VNR単剤,
VNR療法,
ｗCBDCA+wPTX+RT,
weekly nab-PTX(1ｸｰﾙ3週間)【03】,
weekly nab-PTX(1ｸｰﾙ4週間)【03】,
weekly nab-PTX(胃)【05】,
Weekly NAB-P療法（q4wks）,
weekly-CBDCA+PAC,
weeklyCBDCA(AUC2)+PTX(40mg/m2)+RT,
XAGE1ワクチン,
アテゾリズマブ,
アテゾリズマブ単剤,
アテゾリズマブ単剤療法,
アテゾリズマブ療法,
アファチニブ単剤,
アファチニブ単剤療法,
アルンブルグ,
ｱﾚｸﾁﾆﾌﾞ,
アレセンサ,
イミフィンジ(デュルバルマブ）：2時間,
"エスワン
TS-1",
エルロチニブ,
エルロチニブ＋ベバシズマブ併用療法,
オシメルチニブ,
オシメルチニブメシル,
オシメルチニブメシル単剤,
オシメルチニブ単剤,
オシメルチニブ単剤療法,
カプマチニブ,
カルセド療法,
カルボアブラキサン,
カルボプラチン・パクリタキセル・キイトルーダ,
"カルボプラチン,ペメトレキセド,ニボルマブ,イピリムマブ",
カルボプラチン＋nab-パクリタキセル,
カルボプラチン＋S1,
カルボプラチン+アブラキサン,
カルボプラチン+アリムタ,
カルボプラチン＋アリムタ＋アバスチン,
カルボプラチン＋ナブパクリタキセル,
カルボプラチン＋ナブパクリタキセル併用療法,
カルボプラチン＋パクリタキセル＋ベバシズマブ＋アテゾリズマブ,
カルボプラチン＋パクリタキセル＋ベバシズマブ併用療法,
カルボプラチン＋パクリタキセル＋ベバシズマブ療法,
カルボプラチン＋パクリタキセル＋ベバシツマブ＋アテゾリズマブ,
カルボプラチン＋パクリタキセル併用療法,
カルボプラチン＋ペメトレキシド＋デュルパルマブ＋トレメリムマブ,
カルボプラチン＋ペメトレキセド,
カルボプラチン+ペメトレキセド+アテゾリズマブ,
カルボプラチン＋ペメトレキセド＋ニボルマブ＋イピリムマブ,
カルボプラチン＋ペメトレキセド＋ベバシズマブ,
カルボプラチン+ペメトレキセド+ベバシズマブ,
カルボプラチン＋ペメトレキセド+ベバシズマブ,
カルボプラチン＋ペメトレキセド＋ベバシズマブ併用療法,
カルボプラチン+ペメトレキセド+ペムブロリズマブ,
カルボプラチン＋ペメトレキセド＋ペムブロリズマブ,
カルボプラチン+ペメトレキセド＋ペムブロリズマブ,
カルボプラチン＋ペメトレキセド療法,
キイトルーダ,
キイトルーダ：2時間,
キイトルーダ(呼吸器)【03 24】,
キイトルーダー療法,
クリゾチニブ,
ゲフィチニブ単剤療法,
ゲフチニブ単剤,
ジオトリフ,
シスプラチン、ビノレルビン,
シスプラチン、ペメトレキセド,
シスプラチン＋イリノテカン併用療法,
シスプラチン＋ドセタキセル＋胸部放射線照射,
シスプラチン＋ビノレルビン,
シスプラチン+ペメトレキセド,
シスプラチン＋ペメトレキセド,
シスプラチン＋ペメトレキセド＋ベバシズマブ,
シスプラチン＋ペメトレキセド＋ペムブロリズマブ,
シスプラチン＋ペメトレキセド＋ペムブロリズマブ療法,
セリチニブ,
セリニチブ,
セルペルカチニブ,
ソトラシブ単剤,
ダコミチニブ,
ダブラフェニブ・トラメチニブ療法,
タルセバ,
タルセバ＋アバスチン,
ティーエスワン,
テセントリク,
テポチニブ,
デュルバルマブ,
デュルバルマブ単剤(化学放射線療法後維持)【03 24】,
ドセタキセル,
ドセタキセル　ラムシルマブ,
ドセタキセル・ラムシルマブ,
ドセタキセル＋サイラムザ,
ドセタキセル＋ラムシルマブ,
ドセタキセル+ラムシルマブ,
ドセタキセル＋ラムシルマブ併用療法,
ドセタキセル単剤,
ドセタキセル療法,
ナブパクリタキセル単剤,
ニボルマブ,
ニボルマブ　イピリマブ,
ニボルマブ+イピリムマブ,
ニボルマブ+イピリムマブ+CBDCA+PEM,
ネダプラチン、ドセタキセル,
ネダプラチン＋ゲムシタビン＋ビノレルビン,
ネダプラチン＋ドセタキセル,
パラプラチン+タキソテール療法,
ビジンプロ,
ビジンプロ（dacomitinib）,
ブリグチニブ単剤療法,
ペムブロリズマブ単剤,
ペメトレキセド,
ペメトレキセド＋ベバシズマブ維持療法,
ペメトレキセド療法,
ラムシルマブ＋DTX,
ラムシルマブ＋ドセタキセル,
ラムシルマブ+ドセタキセル,
レットヴィモ,
レットヴィモ療法,
ローブレナ,
低用量カルボプラチン＋放射線療法,
共-肺-49_非小細胞肺癌 ｱﾃｿﾞﾘｽﾞﾏﾌﾞ,
化学放射線治療　CDDP+S-1,
呼吸　Pembrolizumab+CBDCA+PEM,
肺デュルバルマブ,
肺癌(非小細胞)カルボプラチン・ペメトレキセド・ゲフィチニブ療法,
