Organ,Histology,Patient_no,Day_180_survival,Year_1_survival,Year_2_survival,Year_3_survival,Year_4_survival,Time_50percent,Time_25percent,Year_1_reach_rate,Year_2_reach_rate,Year_3_reach_rate,Year_4_reach_rate,Deceased_patient_no,All_treatment_reach_no,Deceased_treatment_reach_no,Treatment_reach_rate_all,Treatment_reach_rate_deceased,Treatment_rate_crossing_date,Promising_survival_ratio,Patient_no_deceased_1_180,Patient_no_deceased_181_,Treatment_reach_no_deceased_1_180,Treatment_reach_no_deceased_181_,Treatment_reach_rate_deceased_1_180,Treatment_reach_rate_deceased_181_,Fisher_odds_ratio_estimate_180_vs_181,Fisher_odds_ratio_95CI_lower_limit_180_vs_181,Fisher_odds_ratio_95CI_upper_limit_180_vs_181,Fisher_p_value_180_vs_181,Patient_no_deceased_1_365,Patient_no_deceased_366_,Treatment_reach_no_deceased_1_365,Treatment_reach_no_deceased_366_,Treatment_reach_rate_deceased_1_365,Treatment_reach_rate_deceased_366_,Fisher_odds_ratio_estimate_365_vs_366,Fisher_odds_ratio_95CI_lower_limit_365_vs_366,Fisher_odds_ratio_95CI_upper_limit_365_vs_366,Fisher_p_value_365_vs_366
LUNG,ERBB2_amp;ERBB2_no_mut;ERBB2_mut,2606,0.728,0.497,0.277,0.187,0.1,357,797,0.115,0.13,0.139,0.139,1107,381,154,0.146,0.139,221,0.619,549,558,52,102,0.095,0.183,1.929,1.338,2.807,0,868,239,100,54,0.115,0.226,1.96,1.339,2.848,0
LUNG,ERBB2_amp;ERBB2_no_mut;ERBB2_mut,2606,0.728,0.497,0.277,0.187,0.1,357,797,0.115,0.13,0.139,0.139,1107,381,154,0.146,0.139,221,0.619,549,558,52,102,0.095,0.183,1.929,1.338,2.807,0,868,239,100,54,0.115,0.226,1.96,1.339,2.848,0
SOFT_TISSUE,GS;RCSNOS;SCSRMS;SOFT_TISSUE;EPIS;DDLS;WDLS;LMS;ARMS;MFH;ESST;CCS;GIST;SARCNOS;LIPO;PLLS;SYNS;MFS;ANGS;EHAE;ERMS;SFT;INTS;DSRCT;STMYEC;FIBS;IFS;MRLS;DES;HDCS;IMT;PLRMS;ASPS;SCRMS;RMS;RAS;PGNG;PECOMA;DCS;MGST;PTES;PMHE;LGFMS;OFMT;MPC;AFH;LM;SEF;HEMA,3141,0.822,0.663,0.471,0.339,0.264,651,1572,0.052,0.065,0.065,0.066,1225,191,81,0.061,0.066,154,0.237,476,749,21,60,0.044,0.08,1.815,1.072,3.185,0.024,802,423,42,39,0.052,0.092,1.76,1.09,2.836,0.016
BILIARY_TRACT;AMPULLA_OF_VATER,eCCA;GBC;iCCA;OTHER;pCCA;AVC,6273,0.695,0.424,0.199,0.112,0.072,305,608,0.049,0.059,0.062,0.062,2801,389,173,0.062,0.062,230,0.754,1457,1344,47,126,0.032,0.094,2.905,2.044,4.188,0,2316,485,115,58,0.05,0.12,2.408,1.698,3.384,0
BILIARY_TRACT;AMPULLA_OF_VATER,eCCA;GBC;iCCA;pCCA;AVC,5500,0.69,0.422,0.193,0.104,0.076,303,597,0.05,0.059,0.062,0.062,2402,339,148,0.062,0.062,225,0.743,1284,1118,44,104,0.034,0.093,2.714,1.871,3.991,0,2009,393,101,47,0.05,0.12,2.378,1.617,3.456,0
BILIARY_TRACT;AMPULLA_OF_VATER,eCCA;GBC;iCCA;pCCA;AVC,5500,0.69,0.422,0.193,0.104,0.076,303,597,0.05,0.059,0.062,0.062,2402,339,148,0.062,0.062,225,0.743,1284,1118,44,104,0.034,0.093,2.714,1.871,3.991,0,2009,393,101,47,0.05,0.12,2.378,1.617,3.456,0
