﻿C.CAT調査結果.基本項目.施設ID,C.CAT調査結果.基本項目.登録ID,C.CAT調査結果.基本項目.ハッシュID,C.CAT調査結果.基本項目.がん種,C.CAT調査結果.基本項目.がん種.最終階層.,C.CAT調査結果.基本項目.C.CAT調査結果作成の際に使用するがん種,C.CAT調査結果.基本項目.C.CAT調査結果作成の際に使用するがん種.選択階層.,C.CAT調査結果.基本項目.医療機関が症例情報を登録した際のがん種マスタのバージョン,C.CAT調査結果.基本項目.CKDBのがん種マスタのバージョン,C.CAT調査結果.基本項目.検体採取日,C.CAT調査結果.基本項目.パネル名,C.CAT調査結果.基本項目.年齢.年.,C.CAT調査結果.基本項目.年齢.月齢.,C.CAT調査結果.サマリ.体細胞変異数,C.CAT調査結果.サマリ.生殖細胞系列変異数,C.CAT調査結果.サマリ.DNA体細胞変異.塩基置換.挿入.欠失.数,C.CAT調査結果.サマリ.DNA体細胞変異.コピー数変化.数,C.CAT調査結果.サマリ.DNA体細胞変異.遺伝子再構成.構造異型.数,C.CAT調査結果.サマリ.DNA生殖細胞系列変異.塩基置換.挿入.欠失.数,C.CAT調査結果.サマリ.RNA体細胞変異.融合遺伝子.数,C.CAT調査結果.サマリ.RNA体細胞変異.融合遺伝子以外の遺伝子再構成.数,C.CAT調査結果.サマリ.RNA発現値,C.CAT調査結果.サマリ.その他のバイオマーカー検出数,C.CAT調査結果.サマリ.国内承認薬数,C.CAT調査結果.サマリ.国内臨床試験数,C.CAT調査結果.サマリ.国内適応外承認薬数,C.CAT調査結果.サマリ.海外臨床試験数,C.CAT調査結果.サマリ.FDA承認薬数,C.CAT調査結果.サマリ.FDA適応外薬数,C.CAT調査結果.変異情報.変異種類,C.CAT調査結果.変異情報.変異由来,C.CAT調査結果.変異情報.検体.DNA.RNA.,C.CAT調査結果.変異情報.マーカー,C.CAT調査結果.変異情報.変異内容,C.CAT調査結果.変異情報.マーカー詳細,C.CAT調査結果.変異情報.変異アレル頻度,C.CAT調査結果.変異情報.コピー数変化,C.CAT調査結果.変異情報.転写産物ID,C.CAT調査結果.変異情報.腫瘍リード数,C.CAT調査結果.変異情報.TPM.腫瘍発現量.,C.CAT調査結果.変異情報.TPM.正常発現量.,C.CAT調査結果.変異情報.C.CAT登録データ頻度,C.CAT調査結果.変異情報.C.CAT登録データがん種別頻度,C.CAT調査結果.変異情報.遺伝子のエビデンスレベルF変異の頻度1,C.CAT調査結果.変異情報.遺伝子のエビデンスレベルF変異の頻度2,C.CAT調査結果.変異情報.ToMMoアレル頻度,C.CAT調査結果.変異情報.ExACアレル頻度.東アジア人種.,C.CAT調査結果.変異情報.1000人ゲノムアレル頻度.東アジア人種.,C.CAT調査結果.エビデンス.エビデンスタイプ,C.CAT調査結果.エビデンス.臨床的意義,C.CAT調査結果.エビデンス.遺伝性疾患名,C.CAT調査結果.エビデンス.エビデンスレベル,C.CAT調査結果.エビデンス.薬剤,C.CAT調査結果.エビデンス.薬剤への到達性,C.CAT調査結果.変異情報.遺伝子,C.CAT調査結果.変異情報.クロモソーム番号,C.CAT調査結果.変異情報.物理位置,C.CAT調査結果.変異情報.リファレンス塩基,C.CAT調査結果.変異情報.塩基変化,C.CAT調査結果.変異情報TMB.TMB,C.CAT調査結果.変異情報TMB.総変異数..TMB.総変異数.,C.CAT調査結果.変異情報MSI.MSI,C.CAT調査結果.変異情報LOH.LOH,データベース更新日.
********,********,ID_1,Vulva/Vagina,NA,NA,NA,NA,NA,2000/01/01,NCC oncopanel v4.1,43,NA,6,2,0,0,0,0,0,0,0,0,0,2,1,14,4,0,other_biomarker,Somatic,NA,TMB,NA,NA,NA,NA,NA,NA,NA,NA,NA,NA,NA,NA,NA,NA,NA,NA,NA,NA,NA,NA,NA,,NA,NA,NA,NA,6.3Muts/Mb,NA,NA,NA,2024年08月29日
********,********,ID_1,Vulva/Vagina,NA,NA,NA,NA,NA,2000/01/01,NCC oncopanel v4.1,43,NA,6,2,0,0,0,0,0,0,0,0,0,2,1,14,4,0,small_scale_variant,Somatic,NA,Gene1,A111C,NA,0.21 (105/502),NA,NA,NA,NA,NA,NA,NA,NA,NA,NA,NA,NA,Oncogenic,Oncogenic,NA,F,NA,NA,,3,11,G,A,6.3Muts/Mb,NA,NA,NA,2024年08月29日
********,********,ID_1,Vulva/Vagina,NA,NA,NA,NA,NA,2000/01/01,NCC oncopanel v4.1,43,NA,6,2,0,0,0,0,0,0,0,0,0,2,1,14,4,0,small_scale_variant,Somatic,NA,Gene1,A111C,NA,0.21 (105/502),NA,NA,NA,NA,NA,NA,NA,NA,NA,NA,NA,NA,Predictive,Sensitivity/Response,NA,A,olarapib,NA,,3,11,G,A,6.3Muts/Mb,NA,NA,NA,2024年08月29日
********,********,ID_1,Vulva/Vagina,NA,NA,NA,NA,NA,2000/01/01,NCC oncopanel v4.1,43,NA,6,2,0,0,0,0,0,0,0,0,0,2,1,14,4,0,small_scale_variant,Somatic,NA,Gene2,A111C,NA,0.21 (105/502),NA,NA,NA,NA,NA,NA,NA,NA,NA,NA,NA,NA,Oncogenic,Oncogenic,NA,F,NA,NA,,3,22,G,A,6.3Muts/Mb,NA,NA,NA,2024年08月29日
********,********,ID_1,Vulva/Vagina,NA,NA,NA,NA,NA,2000/01/01,NCC oncopanel v4.1,43,NA,6,2,0,0,0,0,0,0,0,0,0,2,1,14,4,0,small_scale_variant,Somatic,NA,Gene2,A111C,NA,0.21 (105/502),NA,NA,NA,NA,NA,NA,NA,NA,NA,NA,NA,NA,Predictive,Sensitivity/Response,NA,B,alpelisib,NA,,3,22,G,A,6.3Muts/Mb,NA,NA,NA,2024年08月29日
********,********,ID_1,Vulva/Vagina,NA,NA,NA,NA,NA,2000/01/01,NCC oncopanel v4.1,43,NA,6,2,0,0,0,0,0,0,0,0,0,2,1,14,4,0,fusion,Somatic,NA,TP53-Gene4,fusion,NA,0.21 (105/502),NA,NA,NA,NA,NA,NA,NA,NA,NA,NA,NA,NA,Oncogenic,Oncogenic,NA,F,NA,NA,,3,NA,G,A,6.3Muts/Mb,NA,NA,NA,2024年08月29日
********,********,ID_2,Vulva/Vagina,NA,NA,NA,NA,NA,2000/01/01,NCC oncopanel v4.1,43,NA,6,2,0,0,0,0,0,0,0,0,0,2,1,14,4,0,other_biomarker,Somatic,NA,TMB,NA,NA,NA,NA,NA,NA,NA,NA,NA,NA,NA,NA,NA,NA,NA,NA,NA,NA,NA,NA,NA,,NA,NA,NA,NA,6.3Muts/Mb,NA,NA,NA,2024年08月29日
********,********,ID_2,Vulva/Vagina,NA,NA,NA,NA,NA,2000/01/01,NCC oncopanel v4.1,43,NA,6,2,0,0,0,0,0,0,0,0,0,2,1,14,4,0,small_scale_variant,Somatic,NA,Gene1,A111C,NA,0.21 (105/502),NA,NA,NA,NA,NA,NA,NA,NA,NA,NA,NA,NA,Oncogenic,Oncogenic,NA,F,NA,NA,,3,11,G,A,6.3Muts/Mb,NA,NA,NA,2024年08月29日
********,********,ID_2,Vulva/Vagina,NA,NA,NA,NA,NA,2000/01/01,NCC oncopanel v4.1,43,NA,6,2,0,0,0,0,0,0,0,0,0,2,1,14,4,0,small_scale_variant,Somatic,NA,Gene1,A111C,NA,0.21 (105/502),NA,NA,NA,NA,NA,NA,NA,NA,NA,NA,NA,NA,Predictive,Sensitivity/Response,NA,A,olarapib,NA,,3,11,G,A,6.3Muts/Mb,NA,NA,NA,2024年08月29日
********,********,ID_2,Vulva/Vagina,NA,NA,NA,NA,NA,2000/01/01,NCC oncopanel v4.1,43,NA,6,2,0,0,0,0,0,0,0,0,0,2,1,14,4,0,small_scale_variant,Somatic,NA,Gene2,A111C,NA,0.21 (105/502),NA,NA,NA,NA,NA,NA,NA,NA,NA,NA,NA,NA,Oncogenic,Oncogenic,NA,F,NA,NA,,3,22,G,A,6.3Muts/Mb,NA,NA,NA,2024年08月29日
********,********,ID_2,Vulva/Vagina,NA,NA,NA,NA,NA,2000/01/01,NCC oncopanel v4.1,43,NA,6,2,0,0,0,0,0,0,0,0,0,2,1,14,4,0,small_scale_variant,Somatic,NA,Gene2,A111C,NA,0.21 (105/502),NA,NA,NA,NA,NA,NA,NA,NA,NA,NA,NA,NA,Predictive,Sensitivity/Response,NA,B,alpelisib,NA,,3,22,G,A,6.3Muts/Mb,NA,NA,NA,2024年08月29日
********,********,ID_2,Vulva/Vagina,NA,NA,NA,NA,NA,2000/01/01,NCC oncopanel v4.1,43,NA,6,2,0,0,0,0,0,0,0,0,0,2,1,14,4,0,fusion,Somatic,NA,TP53-Gene4,fusion,NA,0.21 (105/502),NA,NA,NA,NA,NA,NA,NA,NA,NA,NA,NA,NA,Oncogenic,Oncogenic,NA,F,NA,NA,,3,NA,G,A,6.3Muts/Mb,NA,NA,NA,2024年08月29日
********,********,ID_3,Vulva/Vagina,NA,NA,NA,NA,NA,2000/01/01,NCC oncopanel v4.1,43,NA,6,2,0,0,0,0,0,0,0,0,0,2,1,14,4,0,other_biomarker,Somatic,NA,TMB,NA,NA,NA,NA,NA,NA,NA,NA,NA,NA,NA,NA,NA,NA,NA,NA,NA,NA,NA,NA,NA,,NA,NA,NA,NA,6.3Muts/Mb,NA,NA,NA,2024年08月29日
********,********,ID_3,Vulva/Vagina,NA,NA,NA,NA,NA,2000/01/01,NCC oncopanel v4.1,43,NA,6,2,0,0,0,0,0,0,0,0,0,2,1,14,4,0,small_scale_variant,Somatic,NA,Gene5,A111C,NA,0.21 (105/502),NA,NA,NA,NA,NA,NA,NA,NA,NA,NA,NA,NA,Oncogenic,Oncogenic,NA,F,NA,NA,,3,11,G,A,6.3Muts/Mb,NA,NA,NA,2024年08月29日
********,********,ID_3,Vulva/Vagina,NA,NA,NA,NA,NA,2000/01/01,NCC oncopanel v4.1,43,NA,6,2,0,0,0,0,0,0,0,0,0,2,1,14,4,0,small_scale_variant,Somatic,NA,Gene5,A111C,NA,0.21 (105/502),NA,NA,NA,NA,NA,NA,NA,NA,NA,NA,NA,NA,Predictive,Sensitivity/Response,NA,A,olarapib,NA,,3,11,G,A,6.3Muts/Mb,NA,NA,NA,2024年08月29日
********,********,ID_3,Vulva/Vagina,NA,NA,NA,NA,NA,2000/01/01,NCC oncopanel v4.1,43,NA,6,2,0,0,0,0,0,0,0,0,0,2,1,14,4,0,small_scale_variant,Somatic,NA,Gene6,A111C,NA,0.21 (105/502),NA,NA,NA,NA,NA,NA,NA,NA,NA,NA,NA,NA,Oncogenic,Oncogenic,NA,F,NA,NA,,3,22,G,A,6.3Muts/Mb,NA,NA,NA,2024年08月29日
********,********,ID_3,Vulva/Vagina,NA,NA,NA,NA,NA,2000/01/01,NCC oncopanel v4.1,43,NA,6,2,0,0,0,0,0,0,0,0,0,2,1,14,4,0,small_scale_variant,Somatic,NA,Gene6,A111C,NA,0.21 (105/502),NA,NA,NA,NA,NA,NA,NA,NA,NA,NA,NA,NA,Predictive,Sensitivity/Response,NA,B,alpelisib,NA,,3,22,G,A,6.3Muts/Mb,NA,NA,NA,2024年08月29日
********,********,ID_3,Vulva/Vagina,NA,NA,NA,NA,NA,2000/01/01,NCC oncopanel v4.1,43,NA,6,2,0,0,0,0,0,0,0,0,0,2,1,14,4,0,fusion,Somatic,NA,TP53-Gene4,fusion,NA,0.21 (105/502),NA,NA,NA,NA,NA,NA,NA,NA,NA,NA,NA,NA,Oncogenic,Oncogenic,NA,F,NA,NA,,3,NA,G,A,6.3Muts/Mb,NA,NA,NA,2024年08月29日
********,********,ID_4,Vulva/Vagina,NA,NA,NA,NA,NA,2000/01/01,NCC oncopanel v4.1,43,NA,6,2,0,0,0,0,0,0,0,0,0,2,1,14,4,0,other_biomarker,Somatic,NA,TMB,NA,NA,NA,NA,NA,NA,NA,NA,NA,NA,NA,NA,NA,NA,NA,NA,NA,NA,NA,NA,NA,,NA,NA,NA,NA,6.3Muts/Mb,NA,NA,NA,2024年08月29日
********,********,ID_4,Vulva/Vagina,NA,NA,NA,NA,NA,2000/01/01,NCC oncopanel v4.1,43,NA,6,2,0,0,0,0,0,0,0,0,0,2,1,14,4,0,small_scale_variant,Somatic,NA,Gene5,A111C,NA,0.21 (105/502),NA,NA,NA,NA,NA,NA,NA,NA,NA,NA,NA,NA,Oncogenic,Oncogenic,NA,F,NA,NA,,3,11,G,A,6.3Muts/Mb,NA,NA,NA,2024年08月29日
********,********,ID_4,Vulva/Vagina,NA,NA,NA,NA,NA,2000/01/01,NCC oncopanel v4.1,43,NA,6,2,0,0,0,0,0,0,0,0,0,2,1,14,4,0,small_scale_variant,Somatic,NA,Gene5,A111C,NA,0.21 (105/502),NA,NA,NA,NA,NA,NA,NA,NA,NA,NA,NA,NA,Predictive,Sensitivity/Response,NA,A,olarapib,NA,,3,11,G,A,6.3Muts/Mb,NA,NA,NA,2024年08月29日
********,********,ID_4,Vulva/Vagina,NA,NA,NA,NA,NA,2000/01/01,NCC oncopanel v4.1,43,NA,6,2,0,0,0,0,0,0,0,0,0,2,1,14,4,0,small_scale_variant,Somatic,NA,Gene6,A111C,NA,0.21 (105/502),NA,NA,NA,NA,NA,NA,NA,NA,NA,NA,NA,NA,Oncogenic,Oncogenic,NA,F,NA,NA,,3,22,G,A,6.3Muts/Mb,NA,NA,NA,2024年08月29日
********,********,ID_4,Vulva/Vagina,NA,NA,NA,NA,NA,2000/01/01,NCC oncopanel v4.1,43,NA,6,2,0,0,0,0,0,0,0,0,0,2,1,14,4,0,small_scale_variant,Somatic,NA,Gene6,A111C,NA,0.21 (105/502),NA,NA,NA,NA,NA,NA,NA,NA,NA,NA,NA,NA,Predictive,Sensitivity/Response,NA,B,alpelisib,NA,,3,22,G,A,6.3Muts/Mb,NA,NA,NA,2024年08月29日
********,********,ID_4,Vulva/Vagina,NA,NA,NA,NA,NA,2000/01/01,NCC oncopanel v4.1,43,NA,6,2,0,0,0,0,0,0,0,0,0,2,1,14,4,0,fusion,Somatic,NA,TP53-Gene4,fusion,NA,0.21 (105/502),NA,NA,NA,NA,NA,NA,NA,NA,NA,NA,NA,NA,Oncogenic,Oncogenic,NA,F,NA,NA,,3,NA,G,A,6.3Muts/Mb,NA,NA,NA,2024年08月29日
********,********,ID_5,Vulva/Vagina,NA,NA,NA,NA,NA,2000/01/01,NCC oncopanel v4.1,43,NA,6,2,0,0,0,0,0,0,0,0,0,2,1,14,4,0,other_biomarker,Somatic,NA,TMB,NA,NA,NA,NA,NA,NA,NA,NA,NA,NA,NA,NA,NA,NA,NA,NA,NA,NA,NA,NA,NA,,NA,NA,NA,NA,6.3Muts/Mb,NA,NA,NA,2024年08月29日
********,********,ID_5,Vulva/Vagina,NA,NA,NA,NA,NA,2000/01/01,NCC oncopanel v4.1,43,NA,6,2,0,0,0,0,0,0,0,0,0,2,1,14,4,0,small_scale_variant,Somatic,NA,Gene5,A111C,NA,0.21 (105/502),NA,NA,NA,NA,NA,NA,NA,NA,NA,NA,NA,NA,Oncogenic,Oncogenic,NA,F,NA,NA,,3,11,G,A,6.3Muts/Mb,NA,NA,NA,2024年08月29日
********,********,ID_5,Vulva/Vagina,NA,NA,NA,NA,NA,2000/01/01,NCC oncopanel v4.1,43,NA,6,2,0,0,0,0,0,0,0,0,0,2,1,14,4,0,small_scale_variant,Somatic,NA,Gene5,A111C,NA,0.21 (105/502),NA,NA,NA,NA,NA,NA,NA,NA,NA,NA,NA,NA,Predictive,Sensitivity/Response,NA,A,olarapib,NA,,3,11,G,A,6.3Muts/Mb,NA,NA,NA,2024年08月29日
********,********,ID_5,Vulva/Vagina,NA,NA,NA,NA,NA,2000/01/01,NCC oncopanel v4.1,43,NA,6,2,0,0,0,0,0,0,0,0,0,2,1,14,4,0,small_scale_variant,Somatic,NA,Gene6,A111C,NA,0.21 (105/502),NA,NA,NA,NA,NA,NA,NA,NA,NA,NA,NA,NA,Oncogenic,Oncogenic,NA,F,NA,NA,,3,22,G,A,6.3Muts/Mb,NA,NA,NA,2024年08月29日
********,********,ID_5,Vulva/Vagina,NA,NA,NA,NA,NA,2000/01/01,NCC oncopanel v4.1,43,NA,6,2,0,0,0,0,0,0,0,0,0,2,1,14,4,0,small_scale_variant,Somatic,NA,Gene6,A111C,NA,0.21 (105/502),NA,NA,NA,NA,NA,NA,NA,NA,NA,NA,NA,NA,Predictive,Sensitivity/Response,NA,B,alpelisib,NA,,3,22,G,A,6.3Muts/Mb,NA,NA,NA,2024年08月29日
********,********,ID_5,Vulva/Vagina,NA,NA,NA,NA,NA,2000/01/01,NCC oncopanel v4.1,43,NA,6,2,0,0,0,0,0,0,0,0,0,2,1,14,4,0,fusion,Somatic,NA,TP53-Gene4,fusion,NA,0.21 (105/502),NA,NA,NA,NA,NA,NA,NA,NA,NA,NA,NA,NA,Oncogenic,Oncogenic,NA,F,NA,NA,,3,NA,G,A,6.3Muts/Mb,NA,NA,NA,2024年08月29日
********,********,ID_6,Vulva/Vagina,NA,NA,NA,NA,NA,2000/01/01,NCC oncopanel v4.1,43,NA,6,2,0,0,0,0,0,0,0,0,0,2,1,14,4,0,other_biomarker,Somatic,NA,TMB,NA,NA,NA,NA,NA,NA,NA,NA,NA,NA,NA,NA,NA,NA,NA,NA,NA,NA,NA,NA,NA,,NA,NA,NA,NA,6.3Muts/Mb,NA,NA,NA,2024年08月29日
********,********,ID_6,Vulva/Vagina,NA,NA,NA,NA,NA,2000/01/01,NCC oncopanel v4.1,43,NA,6,2,0,0,0,0,0,0,0,0,0,2,1,14,4,0,small_scale_variant,Somatic,NA,Gene5,A111C,NA,0.21 (105/502),NA,NA,NA,NA,NA,NA,NA,NA,NA,NA,NA,NA,Oncogenic,Oncogenic,NA,F,NA,NA,,3,11,G,A,6.3Muts/Mb,NA,NA,NA,2024年08月29日
********,********,ID_6,Vulva/Vagina,NA,NA,NA,NA,NA,2000/01/01,NCC oncopanel v4.1,43,NA,6,2,0,0,0,0,0,0,0,0,0,2,1,14,4,0,small_scale_variant,Somatic,NA,Gene5,A111C,NA,0.21 (105/502),NA,NA,NA,NA,NA,NA,NA,NA,NA,NA,NA,NA,Predictive,Sensitivity/Response,NA,A,olarapib,NA,,3,11,G,A,6.3Muts/Mb,NA,NA,NA,2024年08月29日
********,********,ID_6,Vulva/Vagina,NA,NA,NA,NA,NA,2000/01/01,NCC oncopanel v4.1,43,NA,6,2,0,0,0,0,0,0,0,0,0,2,1,14,4,0,small_scale_variant,Somatic,NA,Gene6,A111C,NA,0.21 (105/502),NA,NA,NA,NA,NA,NA,NA,NA,NA,NA,NA,NA,Oncogenic,Oncogenic,NA,F,NA,NA,,3,22,G,A,6.3Muts/Mb,NA,NA,NA,2024年08月29日
********,********,ID_6,Vulva/Vagina,NA,NA,NA,NA,NA,2000/01/01,NCC oncopanel v4.1,43,NA,6,2,0,0,0,0,0,0,0,0,0,2,1,14,4,0,small_scale_variant,Somatic,NA,Gene6,A111C,NA,0.21 (105/502),NA,NA,NA,NA,NA,NA,NA,NA,NA,NA,NA,NA,Predictive,Sensitivity/Response,NA,B,alpelisib,NA,,3,22,G,A,6.3Muts/Mb,NA,NA,NA,2024年08月29日
********,********,ID_6,Vulva/Vagina,NA,NA,NA,NA,NA,2000/01/01,NCC oncopanel v4.1,43,NA,6,2,0,0,0,0,0,0,0,0,0,2,1,14,4,0,fusion,Somatic,NA,TP53-Gene4,fusion,NA,0.21 (105/502),NA,NA,NA,NA,NA,NA,NA,NA,NA,NA,NA,NA,Oncogenic,Oncogenic,NA,F,NA,NA,,3,NA,G,A,6.3Muts/Mb,NA,NA,NA,2024年08月29日
********,********,ID_7,Vulva/Vagina,NA,NA,NA,NA,NA,2000/01/01,NCC oncopanel v4.1,43,NA,6,2,0,0,0,0,0,0,0,0,0,2,1,14,4,0,other_biomarker,Somatic,NA,TMB,NA,NA,NA,NA,NA,NA,NA,NA,NA,NA,NA,NA,NA,NA,NA,NA,NA,NA,NA,NA,NA,,NA,NA,NA,NA,6.3Muts/Mb,NA,NA,NA,2024年08月29日
********,********,ID_7,Vulva/Vagina,NA,NA,NA,NA,NA,2000/01/01,NCC oncopanel v4.1,43,NA,6,2,0,0,0,0,0,0,0,0,0,2,1,14,4,0,small_scale_variant,Somatic,NA,Gene5,A111C,NA,0.21 (105/502),NA,NA,NA,NA,NA,NA,NA,NA,NA,NA,NA,NA,Oncogenic,Oncogenic,NA,F,NA,NA,,3,11,G,A,6.3Muts/Mb,NA,NA,NA,2024年08月29日
********,********,ID_7,Vulva/Vagina,NA,NA,NA,NA,NA,2000/01/01,NCC oncopanel v4.1,43,NA,6,2,0,0,0,0,0,0,0,0,0,2,1,14,4,0,small_scale_variant,Somatic,NA,Gene5,A111C,NA,0.21 (105/502),NA,NA,NA,NA,NA,NA,NA,NA,NA,NA,NA,NA,Predictive,Sensitivity/Response,NA,A,olarapib,NA,,3,11,G,A,6.3Muts/Mb,NA,NA,NA,2024年08月29日
********,********,ID_7,Vulva/Vagina,NA,NA,NA,NA,NA,2000/01/01,NCC oncopanel v4.1,43,NA,6,2,0,0,0,0,0,0,0,0,0,2,1,14,4,0,small_scale_variant,Somatic,NA,Gene6,A111C,NA,0.21 (105/502),NA,NA,NA,NA,NA,NA,NA,NA,NA,NA,NA,NA,Oncogenic,Oncogenic,NA,F,NA,NA,,3,22,G,A,6.3Muts/Mb,NA,NA,NA,2024年08月29日
********,********,ID_7,Vulva/Vagina,NA,NA,NA,NA,NA,2000/01/01,NCC oncopanel v4.1,43,NA,6,2,0,0,0,0,0,0,0,0,0,2,1,14,4,0,small_scale_variant,Somatic,NA,Gene6,A111C,NA,0.21 (105/502),NA,NA,NA,NA,NA,NA,NA,NA,NA,NA,NA,NA,Predictive,Sensitivity/Response,NA,B,alpelisib,NA,,3,22,G,A,6.3Muts/Mb,NA,NA,NA,2024年08月29日
********,********,ID_7,Vulva/Vagina,NA,NA,NA,NA,NA,2000/01/01,NCC oncopanel v4.1,43,NA,6,2,0,0,0,0,0,0,0,0,0,2,1,14,4,0,fusion,Somatic,NA,TP53-Gene4,fusion,NA,0.21 (105/502),NA,NA,NA,NA,NA,NA,NA,NA,NA,NA,NA,NA,Oncogenic,Oncogenic,NA,F,NA,NA,,3,NA,G,A,6.3Muts/Mb,NA,NA,NA,2024年08月29日
********,********,ID_8,Vulva/Vagina,NA,NA,NA,NA,NA,2000/01/01,NCC oncopanel v4.1,43,NA,6,2,0,0,0,0,0,0,0,0,0,2,1,14,4,0,other_biomarker,Somatic,NA,TMB,NA,NA,NA,NA,NA,NA,NA,NA,NA,NA,NA,NA,NA,NA,NA,NA,NA,NA,NA,NA,NA,,NA,NA,NA,NA,6.3Muts/Mb,NA,NA,NA,2024年08月29日
********,********,ID_8,Vulva/Vagina,NA,NA,NA,NA,NA,2000/01/01,NCC oncopanel v4.1,43,NA,6,2,0,0,0,0,0,0,0,0,0,2,1,14,4,0,small_scale_variant,Somatic,NA,Gene5,A111C,NA,0.21 (105/502),NA,NA,NA,NA,NA,NA,NA,NA,NA,NA,NA,NA,Oncogenic,Oncogenic,NA,F,NA,NA,,3,11,G,A,6.3Muts/Mb,NA,NA,NA,2024年08月29日
********,********,ID_8,Vulva/Vagina,NA,NA,NA,NA,NA,2000/01/01,NCC oncopanel v4.1,43,NA,6,2,0,0,0,0,0,0,0,0,0,2,1,14,4,0,small_scale_variant,Somatic,NA,Gene5,A111C,NA,0.21 (105/502),NA,NA,NA,NA,NA,NA,NA,NA,NA,NA,NA,NA,Predictive,Sensitivity/Response,NA,A,olarapib,NA,,3,11,G,A,6.3Muts/Mb,NA,NA,NA,2024年08月29日
********,********,ID_8,Vulva/Vagina,NA,NA,NA,NA,NA,2000/01/01,NCC oncopanel v4.1,43,NA,6,2,0,0,0,0,0,0,0,0,0,2,1,14,4,0,small_scale_variant,Somatic,NA,Gene6,A111C,NA,0.21 (105/502),NA,NA,NA,NA,NA,NA,NA,NA,NA,NA,NA,NA,Oncogenic,Oncogenic,NA,F,NA,NA,,3,22,G,A,6.3Muts/Mb,NA,NA,NA,2024年08月29日
********,********,ID_8,Vulva/Vagina,NA,NA,NA,NA,NA,2000/01/01,NCC oncopanel v4.1,43,NA,6,2,0,0,0,0,0,0,0,0,0,2,1,14,4,0,small_scale_variant,Somatic,NA,Gene6,A111C,NA,0.21 (105/502),NA,NA,NA,NA,NA,NA,NA,NA,NA,NA,NA,NA,Predictive,Sensitivity/Response,NA,B,alpelisib,NA,,3,22,G,A,6.3Muts/Mb,NA,NA,NA,2024年08月29日
********,********,ID_8,Vulva/Vagina,NA,NA,NA,NA,NA,2000/01/01,NCC oncopanel v4.1,43,NA,6,2,0,0,0,0,0,0,0,0,0,2,1,14,4,0,fusion,Somatic,NA,TP53-Gene4,fusion,NA,0.21 (105/502),NA,NA,NA,NA,NA,NA,NA,NA,NA,NA,NA,NA,Oncogenic,Oncogenic,NA,F,NA,NA,,3,NA,G,A,6.3Muts/Mb,NA,NA,NA,2024年08月29日
********,********,ID_9,Vulva/Vagina,NA,NA,NA,NA,NA,2000/01/01,NCC oncopanel v4.1,43,NA,6,2,0,0,0,0,0,0,0,0,0,2,1,14,4,0,other_biomarker,Somatic,NA,TMB,NA,NA,NA,NA,NA,NA,NA,NA,NA,NA,NA,NA,NA,NA,NA,NA,NA,NA,NA,NA,NA,,NA,NA,NA,NA,6.3Muts/Mb,NA,NA,NA,2024年08月29日
********,********,ID_9,Vulva/Vagina,NA,NA,NA,NA,NA,2000/01/01,NCC oncopanel v4.1,43,NA,6,2,0,0,0,0,0,0,0,0,0,2,1,14,4,0,small_scale_variant,Somatic,NA,Gene5,A111C,NA,0.21 (105/502),NA,NA,NA,NA,NA,NA,NA,NA,NA,NA,NA,NA,Oncogenic,Oncogenic,NA,F,NA,NA,,3,11,G,A,6.3Muts/Mb,NA,NA,NA,2024年08月29日
********,********,ID_9,Vulva/Vagina,NA,NA,NA,NA,NA,2000/01/01,NCC oncopanel v4.1,43,NA,6,2,0,0,0,0,0,0,0,0,0,2,1,14,4,0,small_scale_variant,Somatic,NA,Gene5,A111C,NA,0.21 (105/502),NA,NA,NA,NA,NA,NA,NA,NA,NA,NA,NA,NA,Predictive,Sensitivity/Response,NA,A,olarapib,NA,,3,11,G,A,6.3Muts/Mb,NA,NA,NA,2024年08月29日
********,********,ID_9,Vulva/Vagina,NA,NA,NA,NA,NA,2000/01/01,NCC oncopanel v4.1,43,NA,6,2,0,0,0,0,0,0,0,0,0,2,1,14,4,0,small_scale_variant,Somatic,NA,Gene6,A111C,NA,0.21 (105/502),NA,NA,NA,NA,NA,NA,NA,NA,NA,NA,NA,NA,Oncogenic,Oncogenic,NA,F,NA,NA,,3,22,G,A,6.3Muts/Mb,NA,NA,NA,2024年08月29日
********,********,ID_9,Vulva/Vagina,NA,NA,NA,NA,NA,2000/01/01,NCC oncopanel v4.1,43,NA,6,2,0,0,0,0,0,0,0,0,0,2,1,14,4,0,small_scale_variant,Somatic,NA,Gene6,A111C,NA,0.21 (105/502),NA,NA,NA,NA,NA,NA,NA,NA,NA,NA,NA,NA,Predictive,Sensitivity/Response,NA,B,alpelisib,NA,,3,22,G,A,6.3Muts/Mb,NA,NA,NA,2024年08月29日
********,********,ID_9,Vulva/Vagina,NA,NA,NA,NA,NA,2000/01/01,NCC oncopanel v4.1,43,NA,6,2,0,0,0,0,0,0,0,0,0,2,1,14,4,0,fusion,Somatic,NA,TP53-Gene4,fusion,NA,0.21 (105/502),NA,NA,NA,NA,NA,NA,NA,NA,NA,NA,NA,NA,Oncogenic,Oncogenic,NA,F,NA,NA,,3,NA,G,A,6.3Muts/Mb,NA,NA,NA,2024年08月29日
********,********,ID_10,Vulva/Vagina,NA,NA,NA,NA,NA,2000/01/01,NCC oncopanel v4.1,43,NA,6,2,0,0,0,0,0,0,0,0,0,2,1,14,4,0,other_biomarker,Somatic,NA,TMB,NA,NA,NA,NA,NA,NA,NA,NA,NA,NA,NA,NA,NA,NA,NA,NA,NA,NA,NA,NA,NA,,NA,NA,NA,NA,6.3Muts/Mb,NA,NA,NA,2024年08月29日
********,********,ID_10,Vulva/Vagina,NA,NA,NA,NA,NA,2000/01/01,NCC oncopanel v4.1,43,NA,6,2,0,0,0,0,0,0,0,0,0,2,1,14,4,0,small_scale_variant,Somatic,NA,Gene5,A111C,NA,0.21 (105/502),NA,NA,NA,NA,NA,NA,NA,NA,NA,NA,NA,NA,Oncogenic,Oncogenic,NA,F,NA,NA,,3,11,G,A,6.3Muts/Mb,NA,NA,NA,2024年08月29日
********,********,ID_10,Vulva/Vagina,NA,NA,NA,NA,NA,2000/01/01,NCC oncopanel v4.1,43,NA,6,2,0,0,0,0,0,0,0,0,0,2,1,14,4,0,small_scale_variant,Somatic,NA,Gene5,A111C,NA,0.21 (105/502),NA,NA,NA,NA,NA,NA,NA,NA,NA,NA,NA,NA,Predictive,Sensitivity/Response,NA,A,olarapib,NA,,3,11,G,A,6.3Muts/Mb,NA,NA,NA,2024年08月29日
********,********,ID_10,Vulva/Vagina,NA,NA,NA,NA,NA,2000/01/01,NCC oncopanel v4.1,43,NA,6,2,0,0,0,0,0,0,0,0,0,2,1,14,4,0,small_scale_variant,Somatic,NA,Gene6,A111C,NA,0.21 (105/502),NA,NA,NA,NA,NA,NA,NA,NA,NA,NA,NA,NA,Oncogenic,Oncogenic,NA,F,NA,NA,,3,22,G,A,6.3Muts/Mb,NA,NA,NA,2024年08月29日
********,********,ID_10,Vulva/Vagina,NA,NA,NA,NA,NA,2000/01/01,NCC oncopanel v4.1,43,NA,6,2,0,0,0,0,0,0,0,0,0,2,1,14,4,0,small_scale_variant,Somatic,NA,Gene6,A111C,NA,0.21 (105/502),NA,NA,NA,NA,NA,NA,NA,NA,NA,NA,NA,NA,Predictive,Sensitivity/Response,NA,B,alpelisib,NA,,3,22,G,A,6.3Muts/Mb,NA,NA,NA,2024年08月29日
********,********,ID_10,Vulva/Vagina,NA,NA,NA,NA,NA,2000/01/01,NCC oncopanel v4.1,43,NA,6,2,0,0,0,0,0,0,0,0,0,2,1,14,4,0,fusion,Somatic,NA,TP53-Gene4,fusion,NA,0.21 (105/502),NA,NA,NA,NA,NA,NA,NA,NA,NA,NA,NA,NA,Oncogenic,Oncogenic,NA,F,NA,NA,,3,NA,G,A,6.3Muts/Mb,NA,NA,NA,2024年08月29日
********,********,ID_11,Vulva/Vagina,NA,NA,NA,NA,NA,2000/01/01,NCC oncopanel v4.1,43,NA,6,2,0,0,0,0,0,0,0,0,0,2,1,14,4,0,other_biomarker,Somatic,NA,TMB,NA,NA,NA,NA,NA,NA,NA,NA,NA,NA,NA,NA,NA,NA,NA,NA,NA,NA,NA,NA,NA,,NA,NA,NA,NA,16.3Muts/Mb,NA,NA,NA,2024年08月29日
********,********,ID_11,Vulva/Vagina,NA,NA,NA,NA,NA,2000/01/01,NCC oncopanel v4.1,43,NA,6,2,0,0,0,0,0,0,0,0,0,2,1,14,4,0,small_scale_variant,Somatic,NA,Gene1,A111C,NA,0.21 (105/502),NA,NA,NA,NA,NA,NA,NA,NA,NA,NA,NA,NA,Oncogenic,Oncogenic,NA,F,NA,NA,,3,11,G,A,16.3Muts/Mb,NA,NA,NA,2024年08月29日
********,********,ID_11,Vulva/Vagina,NA,NA,NA,NA,NA,2000/01/01,NCC oncopanel v4.1,43,NA,6,2,0,0,0,0,0,0,0,0,0,2,1,14,4,0,small_scale_variant,Somatic,NA,Gene1,A111C,NA,0.21 (105/502),NA,NA,NA,NA,NA,NA,NA,NA,NA,NA,NA,NA,Predictive,Sensitivity/Response,NA,E,olarapib,NA,,3,11,G,A,16.3Muts/Mb,NA,NA,NA,2024年08月29日
********,********,ID_11,Vulva/Vagina,NA,NA,NA,NA,NA,2000/01/01,NCC oncopanel v4.1,43,NA,6,2,0,0,0,0,0,0,0,0,0,2,1,14,4,0,small_scale_variant,Somatic,NA,Gene6,A111C,NA,0.21 (105/502),NA,NA,NA,NA,NA,NA,NA,NA,NA,NA,NA,NA,Oncogenic,Oncogenic,NA,F,NA,NA,,3,22,G,A,16.3Muts/Mb,NA,NA,NA,2024年08月29日
********,********,ID_11,Vulva/Vagina,NA,NA,NA,NA,NA,2000/01/01,NCC oncopanel v4.1,43,NA,6,2,0,0,0,0,0,0,0,0,0,2,1,14,4,0,small_scale_variant,Somatic,NA,Gene6,A111C,NA,0.21 (105/502),NA,NA,NA,NA,NA,NA,NA,NA,NA,NA,NA,NA,Predictive,Sensitivity/Response,NA,E,alpelisib,NA,,3,22,G,A,16.3Muts/Mb,NA,NA,NA,2024年08月29日
********,********,ID_12,Vulva/Vagina,NA,NA,NA,NA,NA,2000/01/01,NCC oncopanel v4.1,43,NA,6,2,0,0,0,0,0,0,0,0,0,2,1,14,4,0,other_biomarker,Somatic,NA,TMB,NA,NA,NA,NA,NA,NA,NA,NA,NA,NA,NA,NA,NA,NA,NA,NA,NA,NA,NA,NA,NA,,NA,NA,NA,NA,16.3Muts/Mb,NA,NA,NA,2024年08月29日
********,********,ID_12,Vulva/Vagina,NA,NA,NA,NA,NA,2000/01/01,NCC oncopanel v4.1,43,NA,6,2,0,0,0,0,0,0,0,0,0,2,1,14,4,0,small_scale_variant,Somatic,NA,Gene1,A111C,NA,0.21 (105/502),NA,NA,NA,NA,NA,NA,NA,NA,NA,NA,NA,NA,Oncogenic,Oncogenic,NA,F,NA,NA,,3,11,G,A,16.3Muts/Mb,NA,NA,NA,2024年08月29日
********,********,ID_12,Vulva/Vagina,NA,NA,NA,NA,NA,2000/01/01,NCC oncopanel v4.1,43,NA,6,2,0,0,0,0,0,0,0,0,0,2,1,14,4,0,small_scale_variant,Somatic,NA,Gene1,A111C,NA,0.21 (105/502),NA,NA,NA,NA,NA,NA,NA,NA,NA,NA,NA,NA,Predictive,Sensitivity/Response,NA,D,olarapib,NA,,3,11,G,A,16.3Muts/Mb,NA,NA,NA,2024年08月29日
********,********,ID_12,Vulva/Vagina,NA,NA,NA,NA,NA,2000/01/01,NCC oncopanel v4.1,43,NA,6,2,0,0,0,0,0,0,0,0,0,2,1,14,4,0,small_scale_variant,Somatic,NA,Gene6,A111C,NA,0.21 (105/502),NA,NA,NA,NA,NA,NA,NA,NA,NA,NA,NA,NA,Oncogenic,Oncogenic,NA,F,NA,NA,,3,22,G,A,16.3Muts/Mb,NA,NA,NA,2024年08月29日
********,********,ID_12,Vulva/Vagina,NA,NA,NA,NA,NA,2000/01/01,NCC oncopanel v4.1,43,NA,6,2,0,0,0,0,0,0,0,0,0,2,1,14,4,0,small_scale_variant,Somatic,NA,Gene6,A111C,NA,0.21 (105/502),NA,NA,NA,NA,NA,NA,NA,NA,NA,NA,NA,NA,Predictive,Sensitivity/Response,NA,D,alpelisib,NA,,3,22,G,A,16.3Muts/Mb,NA,NA,NA,2024年08月29日
********,********,ID_13,Vulva/Vagina,NA,NA,NA,NA,NA,2000/01/01,NCC oncopanel v4.1,43,NA,6,2,0,0,0,0,0,0,0,0,0,2,1,14,4,0,other_biomarker,Somatic,NA,TMB,NA,NA,NA,NA,NA,NA,NA,NA,NA,NA,NA,NA,NA,NA,NA,NA,NA,NA,NA,NA,NA,,NA,NA,NA,NA,16.3Muts/Mb,NA,NA,NA,2024年08月29日
********,********,ID_13,Vulva/Vagina,NA,NA,NA,NA,NA,2000/01/01,NCC oncopanel v4.1,43,NA,6,2,0,0,0,0,0,0,0,0,0,2,1,14,4,0,small_scale_variant,Somatic,NA,Gene2,A111C,NA,0.21 (105/502),NA,NA,NA,NA,NA,NA,NA,NA,NA,NA,NA,NA,Oncogenic,Oncogenic,NA,F,NA,NA,,3,11,G,A,16.3Muts/Mb,NA,NA,NA,2024年08月29日
********,********,ID_13,Vulva/Vagina,NA,NA,NA,NA,NA,2000/01/01,NCC oncopanel v4.1,43,NA,6,2,0,0,0,0,0,0,0,0,0,2,1,14,4,0,small_scale_variant,Somatic,NA,Gene2,A111C,NA,0.21 (105/502),NA,NA,NA,NA,NA,NA,NA,NA,NA,NA,NA,NA,Predictive,Sensitivity/Response,NA,C,olarapib,NA,,3,11,G,A,16.3Muts/Mb,NA,NA,NA,2024年08月29日
********,********,ID_13,Vulva/Vagina,NA,NA,NA,NA,NA,2000/01/01,NCC oncopanel v4.1,43,NA,6,2,0,0,0,0,0,0,0,0,0,2,1,14,4,0,small_scale_variant,Somatic,NA,Gene6,A111C,NA,0.21 (105/502),NA,NA,NA,NA,NA,NA,NA,NA,NA,NA,NA,NA,Oncogenic,Oncogenic,NA,F,NA,NA,,3,22,G,A,16.3Muts/Mb,NA,NA,NA,2024年08月29日
********,********,ID_13,Vulva/Vagina,NA,NA,NA,NA,NA,2000/01/01,NCC oncopanel v4.1,43,NA,6,2,0,0,0,0,0,0,0,0,0,2,1,14,4,0,small_scale_variant,Somatic,NA,Gene6,A111C,NA,0.21 (105/502),NA,NA,NA,NA,NA,NA,NA,NA,NA,NA,NA,NA,Predictive,Sensitivity/Response,NA,B,alpelisib,NA,,3,22,G,A,16.3Muts/Mb,NA,NA,NA,2024年08月29日
********,********,ID_14,Vulva/Vagina,NA,NA,NA,NA,NA,2000/01/01,NCC oncopanel v4.1,43,NA,6,2,0,0,0,0,0,0,0,0,0,2,1,14,4,0,other_biomarker,Somatic,NA,TMB,NA,NA,NA,NA,NA,NA,NA,NA,NA,NA,NA,NA,NA,NA,NA,NA,NA,NA,NA,NA,NA,,NA,NA,NA,NA,16.3Muts/Mb,NA,NA,NA,2024年08月29日
********,********,ID_14,Vulva/Vagina,NA,NA,NA,NA,NA,2000/01/01,NCC oncopanel v4.1,43,NA,6,2,0,0,0,0,0,0,0,0,0,2,1,14,4,0,small_scale_variant,Somatic,NA,Gene1,A111C,NA,0.21 (105/502),NA,NA,NA,NA,NA,NA,NA,NA,NA,NA,NA,NA,Oncogenic,Oncogenic,NA,F,NA,NA,,3,11,G,A,16.3Muts/Mb,NA,NA,NA,2024年08月29日
********,********,ID_14,Vulva/Vagina,NA,NA,NA,NA,NA,2000/01/01,NCC oncopanel v4.1,43,NA,6,2,0,0,0,0,0,0,0,0,0,2,1,14,4,0,small_scale_variant,Somatic,NA,Gene1,A111C,NA,0.21 (105/502),NA,NA,NA,NA,NA,NA,NA,NA,NA,NA,NA,NA,Predictive,Sensitivity/Response,NA,C,olarapib,NA,,3,11,G,A,16.3Muts/Mb,NA,NA,NA,2024年08月29日
********,********,ID_14,Vulva/Vagina,NA,NA,NA,NA,NA,2000/01/01,NCC oncopanel v4.1,43,NA,6,2,0,0,0,0,0,0,0,0,0,2,1,14,4,0,small_scale_variant,Somatic,NA,Gene6,A111C,NA,0.21 (105/502),NA,NA,NA,NA,NA,NA,NA,NA,NA,NA,NA,NA,Oncogenic,Oncogenic,NA,F,NA,NA,,3,22,G,A,16.3Muts/Mb,NA,NA,NA,2024年08月29日
********,********,ID_14,Vulva/Vagina,NA,NA,NA,NA,NA,2000/01/01,NCC oncopanel v4.1,43,NA,6,2,0,0,0,0,0,0,0,0,0,2,1,14,4,0,small_scale_variant,Somatic,NA,Gene6,A111C,NA,0.21 (105/502),NA,NA,NA,NA,NA,NA,NA,NA,NA,NA,NA,NA,Predictive,Sensitivity/Response,NA,C,alpelisib,NA,,3,22,G,A,16.3Muts/Mb,NA,NA,NA,2024年08月29日
********,********,ID_15,Vulva/Vagina,NA,NA,NA,NA,NA,2000/01/01,NCC oncopanel v4.1,43,NA,6,2,0,0,0,0,0,0,0,0,0,2,1,14,4,0,other_biomarker,Somatic,NA,TMB,NA,NA,NA,NA,NA,NA,NA,NA,NA,NA,NA,NA,NA,NA,NA,NA,NA,NA,NA,NA,NA,,NA,NA,NA,NA,16.3Muts/Mb,NA,NA,NA,2024年08月29日
********,********,ID_15,Vulva/Vagina,NA,NA,NA,NA,NA,2000/01/01,NCC oncopanel v4.1,43,NA,6,2,0,0,0,0,0,0,0,0,0,2,1,14,4,0,small_scale_variant,Somatic,NA,Gene1,A111C,NA,0.21 (105/502),NA,NA,NA,NA,NA,NA,NA,NA,NA,NA,NA,NA,Oncogenic,Oncogenic,NA,F,NA,NA,,3,11,G,A,16.3Muts/Mb,NA,NA,NA,2024年08月29日
********,********,ID_15,Vulva/Vagina,NA,NA,NA,NA,NA,2000/01/01,NCC oncopanel v4.1,43,NA,6,2,0,0,0,0,0,0,0,0,0,2,1,14,4,0,small_scale_variant,Somatic,NA,Gene1,A111C,NA,0.21 (105/502),NA,NA,NA,NA,NA,NA,NA,NA,NA,NA,NA,NA,Predictive,Sensitivity/Response,NA,C,olarapib,NA,,3,11,G,A,16.3Muts/Mb,NA,NA,NA,2024年08月29日
********,********,ID_15,Vulva/Vagina,NA,NA,NA,NA,NA,2000/01/01,NCC oncopanel v4.1,43,NA,6,2,0,0,0,0,0,0,0,0,0,2,1,14,4,0,small_scale_variant,Somatic,NA,Gene5,A111C,NA,0.21 (105/502),NA,NA,NA,NA,NA,NA,NA,NA,NA,NA,NA,NA,Oncogenic,Oncogenic,NA,F,NA,NA,,3,22,G,A,16.3Muts/Mb,NA,NA,NA,2024年08月29日
********,********,ID_15,Vulva/Vagina,NA,NA,NA,NA,NA,2000/01/01,NCC oncopanel v4.1,43,NA,6,2,0,0,0,0,0,0,0,0,0,2,1,14,4,0,small_scale_variant,Somatic,NA,Gene5,A111C,NA,0.21 (105/502),NA,NA,NA,NA,NA,NA,NA,NA,NA,NA,NA,NA,Predictive,Sensitivity/Response,NA,C,alpelisib,NA,,3,22,G,A,16.3Muts/Mb,NA,NA,NA,2024年08月29日
********,********,ID_16,Vulva/Vagina,NA,NA,NA,NA,NA,2000/01/01,NCC oncopanel v4.1,43,NA,6,2,0,0,0,0,0,0,0,0,0,2,1,14,4,0,other_biomarker,Somatic,NA,TMB,NA,NA,NA,NA,NA,NA,NA,NA,NA,NA,NA,NA,NA,NA,NA,NA,NA,NA,NA,NA,NA,,NA,NA,NA,NA,16.3Muts/Mb,NA,NA,NA,2024年08月29日
********,********,ID_16,Vulva/Vagina,NA,NA,NA,NA,NA,2000/01/01,NCC oncopanel v4.1,43,NA,6,2,0,0,0,0,0,0,0,0,0,2,1,14,4,0,small_scale_variant,Somatic,NA,Gene1,A111C,NA,0.21 (105/502),NA,NA,NA,NA,NA,NA,NA,NA,NA,NA,NA,NA,Oncogenic,Oncogenic,NA,F,NA,NA,,3,11,G,A,16.3Muts/Mb,NA,NA,NA,2024年08月29日
********,********,ID_16,Vulva/Vagina,NA,NA,NA,NA,NA,2000/01/01,NCC oncopanel v4.1,43,NA,6,2,0,0,0,0,0,0,0,0,0,2,1,14,4,0,small_scale_variant,Somatic,NA,Gene1,A111C,NA,0.21 (105/502),NA,NA,NA,NA,NA,NA,NA,NA,NA,NA,NA,NA,Predictive,Sensitivity/Response,NA,C,olarapib,NA,,3,11,G,A,16.3Muts/Mb,NA,NA,NA,2024年08月29日
********,********,ID_16,Vulva/Vagina,NA,NA,NA,NA,NA,2000/01/01,NCC oncopanel v4.1,43,NA,6,2,0,0,0,0,0,0,0,0,0,2,1,14,4,0,small_scale_variant,Somatic,NA,Gene5,A111C,NA,0.21 (105/502),NA,NA,NA,NA,NA,NA,NA,NA,NA,NA,NA,NA,Oncogenic,Oncogenic,NA,F,NA,NA,,3,22,G,A,16.3Muts/Mb,NA,NA,NA,2024年08月29日
********,********,ID_16,Vulva/Vagina,NA,NA,NA,NA,NA,2000/01/01,NCC oncopanel v4.1,43,NA,6,2,0,0,0,0,0,0,0,0,0,2,1,14,4,0,small_scale_variant,Somatic,NA,Gene5,A111C,NA,0.21 (105/502),NA,NA,NA,NA,NA,NA,NA,NA,NA,NA,NA,NA,Predictive,Sensitivity/Response,NA,C,alpelisib,NA,,3,22,G,A,16.3Muts/Mb,NA,NA,NA,2024年08月29日
********,********,ID_17,Vulva/Vagina,NA,NA,NA,NA,NA,2000/01/01,NCC oncopanel v4.1,43,NA,6,2,0,0,0,0,0,0,0,0,0,2,1,14,4,0,other_biomarker,Somatic,NA,TMB,NA,NA,NA,NA,NA,NA,NA,NA,NA,NA,NA,NA,NA,NA,NA,NA,NA,NA,NA,NA,NA,,NA,NA,NA,NA,16.3Muts/Mb,NA,NA,NA,2024年08月29日
********,********,ID_17,Vulva/Vagina,NA,NA,NA,NA,NA,2000/01/01,NCC oncopanel v4.1,43,NA,6,2,0,0,0,0,0,0,0,0,0,2,1,14,4,0,small_scale_variant,Somatic,NA,Gene1,A111C,NA,0.21 (105/502),NA,NA,NA,NA,NA,NA,NA,NA,NA,NA,NA,NA,Oncogenic,Oncogenic,NA,F,NA,NA,,3,11,G,A,16.3Muts/Mb,NA,NA,NA,2024年08月29日
********,********,ID_17,Vulva/Vagina,NA,NA,NA,NA,NA,2000/01/01,NCC oncopanel v4.1,43,NA,6,2,0,0,0,0,0,0,0,0,0,2,1,14,4,0,small_scale_variant,Somatic,NA,Gene1,A111C,NA,0.21 (105/502),NA,NA,NA,NA,NA,NA,NA,NA,NA,NA,NA,NA,Predictive,Sensitivity/Response,NA,C,olarapib,NA,,3,11,G,A,16.3Muts/Mb,NA,NA,NA,2024年08月29日
********,********,ID_17,Vulva/Vagina,NA,NA,NA,NA,NA,2000/01/01,NCC oncopanel v4.1,43,NA,6,2,0,0,0,0,0,0,0,0,0,2,1,14,4,0,small_scale_variant,Somatic,NA,Gene5,A111C,NA,0.21 (105/502),NA,NA,NA,NA,NA,NA,NA,NA,NA,NA,NA,NA,Oncogenic,Oncogenic,NA,F,NA,NA,,3,22,G,A,16.3Muts/Mb,NA,NA,NA,2024年08月29日
********,********,ID_17,Vulva/Vagina,NA,NA,NA,NA,NA,2000/01/01,NCC oncopanel v4.1,43,NA,6,2,0,0,0,0,0,0,0,0,0,2,1,14,4,0,small_scale_variant,Somatic,NA,Gene5,A111C,NA,0.21 (105/502),NA,NA,NA,NA,NA,NA,NA,NA,NA,NA,NA,NA,Predictive,Sensitivity/Response,NA,C,alpelisib,NA,,3,22,G,A,16.3Muts/Mb,NA,NA,NA,2024年08月29日
********,********,ID_18,Vulva/Vagina,NA,NA,NA,NA,NA,2000/01/01,NCC oncopanel v4.1,43,NA,6,2,0,0,0,0,0,0,0,0,0,2,1,14,4,0,other_biomarker,Somatic,NA,TMB,NA,NA,NA,NA,NA,NA,NA,NA,NA,NA,NA,NA,NA,NA,NA,NA,NA,NA,NA,NA,NA,,NA,NA,NA,NA,16.3Muts/Mb,NA,NA,NA,2024年08月29日
********,********,ID_18,Vulva/Vagina,NA,NA,NA,NA,NA,2000/01/01,NCC oncopanel v4.1,43,NA,6,2,0,0,0,0,0,0,0,0,0,2,1,14,4,0,small_scale_variant,Somatic,NA,Gene2,A111C,NA,0.21 (105/502),NA,NA,NA,NA,NA,NA,NA,NA,NA,NA,NA,NA,Oncogenic,Oncogenic,NA,F,NA,NA,,3,11,G,A,16.3Muts/Mb,NA,NA,NA,2024年08月29日
********,********,ID_18,Vulva/Vagina,NA,NA,NA,NA,NA,2000/01/01,NCC oncopanel v4.1,43,NA,6,2,0,0,0,0,0,0,0,0,0,2,1,14,4,0,small_scale_variant,Somatic,NA,Gene2,A111C,NA,0.21 (105/502),NA,NA,NA,NA,NA,NA,NA,NA,NA,NA,NA,NA,Predictive,Sensitivity/Response,NA,C,olarapib,NA,,3,11,G,A,16.3Muts/Mb,NA,NA,NA,2024年08月29日
********,********,ID_18,Vulva/Vagina,NA,NA,NA,NA,NA,2000/01/01,NCC oncopanel v4.1,43,NA,6,2,0,0,0,0,0,0,0,0,0,2,1,14,4,0,small_scale_variant,Somatic,NA,TP53,A111C,NA,0.21 (105/502),NA,NA,NA,NA,NA,NA,NA,NA,NA,NA,NA,NA,Oncogenic,Oncogenic,NA,F,NA,NA,,3,22,G,A,16.3Muts/Mb,NA,NA,NA,2024年08月29日
********,********,ID_18,Vulva/Vagina,NA,NA,NA,NA,NA,2000/01/01,NCC oncopanel v4.1,43,NA,6,2,0,0,0,0,0,0,0,0,0,2,1,14,4,0,small_scale_variant,Somatic,NA,TP53,A111C,NA,0.21 (105/502),NA,NA,NA,NA,NA,NA,NA,NA,NA,NA,NA,NA,Predictive,Sensitivity/Response,NA,C,alpelisib,NA,,3,22,G,A,16.3Muts/Mb,NA,NA,NA,2024年08月29日
********,********,ID_19,Vulva/Vagina,NA,NA,NA,NA,NA,2000/01/01,NCC oncopanel v4.1,43,NA,6,2,0,0,0,0,0,0,0,0,0,2,1,14,4,0,other_biomarker,Somatic,NA,TMB,NA,NA,NA,NA,NA,NA,NA,NA,NA,NA,NA,NA,NA,NA,NA,NA,NA,NA,NA,NA,NA,,NA,NA,NA,NA,16.3Muts/Mb,NA,NA,NA,2024年08月29日
********,********,ID_19,Vulva/Vagina,NA,NA,NA,NA,NA,2000/01/01,NCC oncopanel v4.1,43,NA,6,2,0,0,0,0,0,0,0,0,0,2,1,14,4,0,small_scale_variant,Somatic,NA,Gene2,A111C,NA,0.21 (105/502),NA,NA,NA,NA,NA,NA,NA,NA,NA,NA,NA,NA,Oncogenic,Oncogenic,NA,F,NA,NA,,3,11,G,A,16.3Muts/Mb,NA,NA,NA,2024年08月29日
********,********,ID_19,Vulva/Vagina,NA,NA,NA,NA,NA,2000/01/01,NCC oncopanel v4.1,43,NA,6,2,0,0,0,0,0,0,0,0,0,2,1,14,4,0,small_scale_variant,Somatic,NA,Gene2,A111C,NA,0.21 (105/502),NA,NA,NA,NA,NA,NA,NA,NA,NA,NA,NA,NA,Predictive,Sensitivity/Response,NA,C,olarapib,NA,,3,11,G,A,16.3Muts/Mb,NA,NA,NA,2024年08月29日
********,********,ID_19,Vulva/Vagina,NA,NA,NA,NA,NA,2000/01/01,NCC oncopanel v4.1,43,NA,6,2,0,0,0,0,0,0,0,0,0,2,1,14,4,0,small_scale_variant,Somatic,NA,TP53,A111C,NA,0.21 (105/502),NA,NA,NA,NA,NA,NA,NA,NA,NA,NA,NA,NA,Oncogenic,Oncogenic,NA,F,NA,NA,,3,22,G,A,16.3Muts/Mb,NA,NA,NA,2024年08月29日
********,********,ID_19,Vulva/Vagina,NA,NA,NA,NA,NA,2000/01/01,NCC oncopanel v4.1,43,NA,6,2,0,0,0,0,0,0,0,0,0,2,1,14,4,0,small_scale_variant,Somatic,NA,TP53,A111C,NA,0.21 (105/502),NA,NA,NA,NA,NA,NA,NA,NA,NA,NA,NA,NA,Predictive,Sensitivity/Response,NA,C,alpelisib,NA,,3,22,G,A,16.3Muts/Mb,NA,NA,NA,2024年08月29日
********,********,ID_20,Vulva/Vagina,NA,NA,NA,NA,NA,2000/01/01,NCC oncopanel v4.1,43,NA,6,2,0,0,0,0,0,0,0,0,0,2,1,14,4,0,other_biomarker,Somatic,NA,TMB,NA,NA,NA,NA,NA,NA,NA,NA,NA,NA,NA,NA,NA,NA,NA,NA,NA,NA,NA,NA,NA,,NA,NA,NA,NA,6.3Muts/Mb,NA,NA,NA,2024年08月29日
********,********,ID_20,Vulva/Vagina,NA,NA,NA,NA,NA,2000/01/01,NCC oncopanel v4.1,43,NA,6,2,0,0,0,0,0,0,0,0,0,2,1,14,4,0,small_scale_variant,Somatic,NA,Gene2,A111C,NA,0.21 (105/502),NA,NA,NA,NA,NA,NA,NA,NA,NA,NA,NA,NA,Oncogenic,Oncogenic,NA,F,NA,NA,,3,11,G,A,6.3Muts/Mb,NA,NA,NA,2024年08月29日
********,********,ID_20,Vulva/Vagina,NA,NA,NA,NA,NA,2000/01/01,NCC oncopanel v4.1,43,NA,6,2,0,0,0,0,0,0,0,0,0,2,1,14,4,0,small_scale_variant,Somatic,NA,Gene2,A111C,NA,0.21 (105/502),NA,NA,NA,NA,NA,NA,NA,NA,NA,NA,NA,NA,Predictive,Sensitivity/Response,NA,C,olarapib,NA,,3,11,G,A,6.3Muts/Mb,NA,NA,NA,2024年08月29日
********,********,ID_20,Vulva/Vagina,NA,NA,NA,NA,NA,2000/01/01,NCC oncopanel v4.1,43,NA,6,2,0,0,0,0,0,0,0,0,0,2,1,14,4,0,small_scale_variant,Somatic,NA,TP53,A111C,NA,0.21 (105/502),NA,NA,NA,NA,NA,NA,NA,NA,NA,NA,NA,NA,Oncogenic,Oncogenic,NA,F,NA,NA,,3,22,G,A,6.3Muts/Mb,NA,NA,NA,2024年08月29日
********,********,ID_20,Vulva/Vagina,NA,NA,NA,NA,NA,2000/01/01,NCC oncopanel v4.1,43,NA,6,2,0,0,0,0,0,0,0,0,0,2,1,14,4,0,small_scale_variant,Somatic,NA,TP53,A111C,NA,0.21 (105/502),NA,NA,NA,NA,NA,NA,NA,NA,NA,NA,NA,NA,Predictive,Sensitivity/Response,NA,C,alpelisib,NA,,3,22,G,A,6.3Muts/Mb,NA,NA,NA,2024年08月29日
********,********,ID_21,Vulva/Vagina,NA,NA,NA,NA,NA,2000/01/01,NCC oncopanel v4.1,43,NA,6,2,0,0,0,0,0,0,0,0,0,2,1,14,4,0,other_biomarker,Somatic,NA,TMB,NA,NA,NA,NA,NA,NA,NA,NA,NA,NA,NA,NA,NA,NA,NA,NA,NA,NA,NA,NA,NA,,NA,NA,NA,NA,16.3Muts/Mb,NA,NA,NA,2024年08月29日
********,********,ID_21,Vulva/Vagina,NA,NA,NA,NA,NA,2000/01/01,NCC oncopanel v4.1,43,NA,6,2,0,0,0,0,0,0,0,0,0,2,1,14,4,0,small_scale_variant,Somatic,NA,Gene2,A111C,NA,0.21 (105/502),NA,NA,NA,NA,NA,NA,NA,NA,NA,NA,NA,NA,Oncogenic,Oncogenic,NA,F,NA,NA,,3,11,G,A,16.3Muts/Mb,NA,NA,NA,2024年08月29日
********,********,ID_21,Vulva/Vagina,NA,NA,NA,NA,NA,2000/01/01,NCC oncopanel v4.1,43,NA,6,2,0,0,0,0,0,0,0,0,0,2,1,14,4,0,small_scale_variant,Somatic,NA,Gene2,A111C,NA,0.21 (105/502),NA,NA,NA,NA,NA,NA,NA,NA,NA,NA,NA,NA,Predictive,Sensitivity/Response,NA,C,olarapib,NA,,3,11,G,A,16.3Muts/Mb,NA,NA,NA,2024年08月29日
********,********,ID_21,Vulva/Vagina,NA,NA,NA,NA,NA,2000/01/01,NCC oncopanel v4.1,43,NA,6,2,0,0,0,0,0,0,0,0,0,2,1,14,4,0,small_scale_variant,Somatic,NA,TP53,A111C,NA,0.21 (105/502),NA,NA,NA,NA,NA,NA,NA,NA,NA,NA,NA,NA,Oncogenic,Oncogenic,NA,F,NA,NA,,3,22,G,A,16.3Muts/Mb,NA,NA,NA,2024年08月29日
********,********,ID_21,Vulva/Vagina,NA,NA,NA,NA,NA,2000/01/01,NCC oncopanel v4.1,43,NA,6,2,0,0,0,0,0,0,0,0,0,2,1,14,4,0,small_scale_variant,Somatic,NA,TP53,A111C,NA,0.21 (105/502),NA,NA,NA,NA,NA,NA,NA,NA,NA,NA,NA,NA,Predictive,Sensitivity/Response,NA,C,alpelisib,NA,,3,22,G,A,16.3Muts/Mb,NA,NA,NA,2024年08月29日
********,********,ID_22,Vulva/Vagina,NA,NA,NA,NA,NA,2000/01/01,NCC oncopanel v4.1,43,NA,6,2,0,0,0,0,0,0,0,0,0,2,1,14,4,0,other_biomarker,Somatic,NA,TMB,NA,NA,NA,NA,NA,NA,NA,NA,NA,NA,NA,NA,NA,NA,NA,NA,NA,NA,NA,NA,NA,,NA,NA,NA,NA,16.3Muts/Mb,NA,NA,NA,2024年08月29日
********,********,ID_22,Vulva/Vagina,NA,NA,NA,NA,NA,2000/01/01,NCC oncopanel v4.1,43,NA,6,2,0,0,0,0,0,0,0,0,0,2,1,14,4,0,small_scale_variant,Somatic,NA,Gene2,A111C,NA,0.21 (105/502),NA,NA,NA,NA,NA,NA,NA,NA,NA,NA,NA,NA,Oncogenic,Oncogenic,NA,F,NA,NA,,3,11,G,A,16.3Muts/Mb,NA,NA,NA,2024年08月29日
********,********,ID_22,Vulva/Vagina,NA,NA,NA,NA,NA,2000/01/01,NCC oncopanel v4.1,43,NA,6,2,0,0,0,0,0,0,0,0,0,2,1,14,4,0,small_scale_variant,Somatic,NA,Gene2,A111C,NA,0.21 (105/502),NA,NA,NA,NA,NA,NA,NA,NA,NA,NA,NA,NA,Predictive,Sensitivity/Response,NA,C,olarapib,NA,,3,11,G,A,16.3Muts/Mb,NA,NA,NA,2024年08月29日
********,********,ID_22,Vulva/Vagina,NA,NA,NA,NA,NA,2000/01/01,NCC oncopanel v4.1,43,NA,6,2,0,0,0,0,0,0,0,0,0,2,1,14,4,0,small_scale_variant,Somatic,NA,Gene4,A111C,NA,0.21 (105/502),NA,NA,NA,NA,NA,NA,NA,NA,NA,NA,NA,NA,Oncogenic,Oncogenic,NA,F,NA,NA,,3,22,G,A,16.3Muts/Mb,NA,NA,NA,2024年08月29日
********,********,ID_22,Vulva/Vagina,NA,NA,NA,NA,NA,2000/01/01,NCC oncopanel v4.1,43,NA,6,2,0,0,0,0,0,0,0,0,0,2,1,14,4,0,small_scale_variant,Somatic,NA,Gene4,A111C,NA,0.21 (105/502),NA,NA,NA,NA,NA,NA,NA,NA,NA,NA,NA,NA,Predictive,Sensitivity/Response,NA,C,alpelisib,NA,,3,22,G,A,16.3Muts/Mb,NA,NA,NA,2024年08月29日
********,********,ID_23,Vulva/Vagina,NA,NA,NA,NA,NA,2000/01/01,NCC oncopanel v4.1,43,NA,6,2,0,0,0,0,0,0,0,0,0,2,1,14,4,0,other_biomarker,Somatic,NA,TMB,NA,NA,NA,NA,NA,NA,NA,NA,NA,NA,NA,NA,NA,NA,NA,NA,NA,NA,NA,NA,NA,,NA,NA,NA,NA,16.3Muts/Mb,NA,NA,NA,2024年08月29日
********,********,ID_23,Vulva/Vagina,NA,NA,NA,NA,NA,2000/01/01,NCC oncopanel v4.1,43,NA,6,2,0,0,0,0,0,0,0,0,0,2,1,14,4,0,small_scale_variant,Somatic,NA,Gene2,A111C,NA,0.21 (105/502),NA,NA,NA,NA,NA,NA,NA,NA,NA,NA,NA,NA,Oncogenic,Oncogenic,NA,F,NA,NA,,3,11,G,A,16.3Muts/Mb,NA,NA,NA,2024年08月29日
********,********,ID_23,Vulva/Vagina,NA,NA,NA,NA,NA,2000/01/01,NCC oncopanel v4.1,43,NA,6,2,0,0,0,0,0,0,0,0,0,2,1,14,4,0,small_scale_variant,Somatic,NA,Gene2,A111C,NA,0.21 (105/502),NA,NA,NA,NA,NA,NA,NA,NA,NA,NA,NA,NA,Predictive,Sensitivity/Response,NA,C,olarapib,NA,,3,11,G,A,16.3Muts/Mb,NA,NA,NA,2024年08月29日
********,********,ID_23,Vulva/Vagina,NA,NA,NA,NA,NA,2000/01/01,NCC oncopanel v4.1,43,NA,6,2,0,0,0,0,0,0,0,0,0,2,1,14,4,0,small_scale_variant,Somatic,NA,TP53,A111C,NA,0.21 (105/502),NA,NA,NA,NA,NA,NA,NA,NA,NA,NA,NA,NA,Oncogenic,Oncogenic,NA,F,NA,NA,,3,22,G,A,16.3Muts/Mb,NA,NA,NA,2024年08月29日
********,********,ID_23,Vulva/Vagina,NA,NA,NA,NA,NA,2000/01/01,NCC oncopanel v4.1,43,NA,6,2,0,0,0,0,0,0,0,0,0,2,1,14,4,0,small_scale_variant,Somatic,NA,TP53,A111C,NA,0.21 (105/502),NA,NA,NA,NA,NA,NA,NA,NA,NA,NA,NA,NA,Predictive,Sensitivity/Response,NA,C,alpelisib,NA,,3,22,G,A,16.3Muts/Mb,NA,NA,NA,2024年08月29日
********,********,ID_24,Vulva/Vagina,NA,NA,NA,NA,NA,2000/01/01,NCC oncopanel v4.1,43,NA,6,2,0,0,0,0,0,0,0,0,0,2,1,14,4,0,other_biomarker,Somatic,NA,TMB,NA,NA,NA,NA,NA,NA,NA,NA,NA,NA,NA,NA,NA,NA,NA,NA,NA,NA,NA,NA,NA,,NA,NA,NA,NA,16.3Muts/Mb,NA,NA,NA,2024年08月29日
********,********,ID_24,Vulva/Vagina,NA,NA,NA,NA,NA,2000/01/01,NCC oncopanel v4.1,43,NA,6,2,0,0,0,0,0,0,0,0,0,2,1,14,4,0,small_scale_variant,Somatic,NA,Gene2,A111C,NA,0.21 (105/502),NA,NA,NA,NA,NA,NA,NA,NA,NA,NA,NA,NA,Oncogenic,Oncogenic,NA,F,NA,NA,,3,11,G,A,16.3Muts/Mb,NA,NA,NA,2024年08月29日
********,********,ID_24,Vulva/Vagina,NA,NA,NA,NA,NA,2000/01/01,NCC oncopanel v4.1,43,NA,6,2,0,0,0,0,0,0,0,0,0,2,1,14,4,0,small_scale_variant,Somatic,NA,Gene2,A111C,NA,0.21 (105/502),NA,NA,NA,NA,NA,NA,NA,NA,NA,NA,NA,NA,Predictive,Sensitivity/Response,NA,C,olarapib,NA,,3,11,G,A,16.3Muts/Mb,NA,NA,NA,2024年08月29日
********,********,ID_24,Vulva/Vagina,NA,NA,NA,NA,NA,2000/01/01,NCC oncopanel v4.1,43,NA,6,2,0,0,0,0,0,0,0,0,0,2,1,14,4,0,small_scale_variant,Somatic,NA,Gene4,A111C,NA,0.21 (105/502),NA,NA,NA,NA,NA,NA,NA,NA,NA,NA,NA,NA,Oncogenic,Oncogenic,NA,F,NA,NA,,3,22,G,A,16.3Muts/Mb,NA,NA,NA,2024年08月29日
********,********,ID_24,Vulva/Vagina,NA,NA,NA,NA,NA,2000/01/01,NCC oncopanel v4.1,43,NA,6,2,0,0,0,0,0,0,0,0,0,2,1,14,4,0,small_scale_variant,Somatic,NA,Gene4,A111C,NA,0.21 (105/502),NA,NA,NA,NA,NA,NA,NA,NA,NA,NA,NA,NA,Predictive,Sensitivity/Response,NA,C,alpelisib,NA,,3,22,G,A,16.3Muts/Mb,NA,NA,NA,2024年08月29日
********,********,ID_25,Vulva/Vagina,NA,NA,NA,NA,NA,2000/01/01,NCC oncopanel v4.1,43,NA,6,2,0,0,0,0,0,0,0,0,0,2,1,14,4,0,other_biomarker,Somatic,NA,TMB,NA,NA,NA,NA,NA,NA,NA,NA,NA,NA,NA,NA,NA,NA,NA,NA,NA,NA,NA,NA,NA,,NA,NA,NA,NA,6.3Muts/Mb,NA,NA,NA,2024年08月29日
********,********,ID_25,Vulva/Vagina,NA,NA,NA,NA,NA,2000/01/01,NCC oncopanel v4.1,43,NA,6,2,0,0,0,0,0,0,0,0,0,2,1,14,4,0,small_scale_variant,Somatic,NA,Gene2,A111C,NA,0.21 (105/502),NA,NA,NA,NA,NA,NA,NA,NA,NA,NA,NA,NA,Oncogenic,Oncogenic,NA,F,NA,NA,,3,11,G,A,6.3Muts/Mb,NA,NA,NA,2024年08月29日
********,********,ID_25,Vulva/Vagina,NA,NA,NA,NA,NA,2000/01/01,NCC oncopanel v4.1,43,NA,6,2,0,0,0,0,0,0,0,0,0,2,1,14,4,0,small_scale_variant,Somatic,NA,Gene2,A111C,NA,0.21 (105/502),NA,NA,NA,NA,NA,NA,NA,NA,NA,NA,NA,NA,Predictive,Sensitivity/Response,NA,C,olarapib,NA,,3,11,G,A,6.3Muts/Mb,NA,NA,NA,2024年08月29日
********,********,ID_25,Vulva/Vagina,NA,NA,NA,NA,NA,2000/01/01,NCC oncopanel v4.1,43,NA,6,2,0,0,0,0,0,0,0,0,0,2,1,14,4,0,small_scale_variant,Somatic,NA,Gene4,A111C,NA,0.21 (105/502),NA,NA,NA,NA,NA,NA,NA,NA,NA,NA,NA,NA,Oncogenic,Oncogenic,NA,F,NA,NA,,3,22,G,A,6.3Muts/Mb,NA,NA,NA,2024年08月29日
********,********,ID_25,Vulva/Vagina,NA,NA,NA,NA,NA,2000/01/01,NCC oncopanel v4.1,43,NA,6,2,0,0,0,0,0,0,0,0,0,2,1,14,4,0,small_scale_variant,Somatic,NA,Gene4,A111C,NA,0.21 (105/502),NA,NA,NA,NA,NA,NA,NA,NA,NA,NA,NA,NA,Predictive,Sensitivity/Response,NA,C,alpelisib,NA,,3,22,G,A,6.3Muts/Mb,NA,NA,NA,2024年08月29日
********,********,ID_26,Vulva/Vagina,NA,NA,NA,NA,NA,2000/01/01,NCC oncopanel v4.1,43,NA,6,2,0,0,0,0,0,0,0,0,0,2,1,14,4,0,other_biomarker,Somatic,NA,TMB,NA,NA,NA,NA,NA,NA,NA,NA,NA,NA,NA,NA,NA,NA,NA,NA,NA,NA,NA,NA,NA,,NA,NA,NA,NA,16.3Muts/Mb,NA,NA,NA,2024年08月29日
********,********,ID_26,Vulva/Vagina,NA,NA,NA,NA,NA,2000/01/01,NCC oncopanel v4.1,43,NA,6,2,0,0,0,0,0,0,0,0,0,2,1,14,4,0,small_scale_variant,Somatic,NA,Gene2,A111C,NA,0.21 (105/502),NA,NA,NA,NA,NA,NA,NA,NA,NA,NA,NA,NA,Oncogenic,Oncogenic,NA,F,NA,NA,,3,11,G,A,16.3Muts/Mb,NA,NA,NA,2024年08月29日
********,********,ID_26,Vulva/Vagina,NA,NA,NA,NA,NA,2000/01/01,NCC oncopanel v4.1,43,NA,6,2,0,0,0,0,0,0,0,0,0,2,1,14,4,0,small_scale_variant,Somatic,NA,Gene2,A111C,NA,0.21 (105/502),NA,NA,NA,NA,NA,NA,NA,NA,NA,NA,NA,NA,Predictive,Sensitivity/Response,NA,B,olarapib,NA,,3,11,G,A,16.3Muts/Mb,NA,NA,NA,2024年08月29日
********,********,ID_26,Vulva/Vagina,NA,NA,NA,NA,NA,2000/01/01,NCC oncopanel v4.1,43,NA,6,2,0,0,0,0,0,0,0,0,0,2,1,14,4,0,small_scale_variant,Somatic,NA,Gene5,A111C,NA,0.21 (105/502),NA,NA,NA,NA,NA,NA,NA,NA,NA,NA,NA,NA,Oncogenic,Oncogenic,NA,F,NA,NA,,3,22,G,A,16.3Muts/Mb,NA,NA,NA,2024年08月29日
********,********,ID_26,Vulva/Vagina,NA,NA,NA,NA,NA,2000/01/01,NCC oncopanel v4.1,43,NA,6,2,0,0,0,0,0,0,0,0,0,2,1,14,4,0,small_scale_variant,Somatic,NA,Gene5,A111C,NA,0.21 (105/502),NA,NA,NA,NA,NA,NA,NA,NA,NA,NA,NA,NA,Predictive,Sensitivity/Response,NA,B,alpelisib,NA,,3,22,G,A,16.3Muts/Mb,NA,NA,NA,2024年08月29日
********,********,ID_27,Vulva/Vagina,NA,NA,NA,NA,NA,2000/01/01,NCC oncopanel v4.1,43,NA,6,2,0,0,0,0,0,0,0,0,0,2,1,14,4,0,other_biomarker,Somatic,NA,TMB,NA,NA,NA,NA,NA,NA,NA,NA,NA,NA,NA,NA,NA,NA,NA,NA,NA,NA,NA,NA,NA,,NA,NA,NA,NA,16.3Muts/Mb,NA,NA,NA,2024年08月29日
********,********,ID_27,Vulva/Vagina,NA,NA,NA,NA,NA,2000/01/01,NCC oncopanel v4.1,43,NA,6,2,0,0,0,0,0,0,0,0,0,2,1,14,4,0,small_scale_variant,Somatic,NA,TP53,A111C,NA,0.21 (105/502),NA,NA,NA,NA,NA,NA,NA,NA,NA,NA,NA,NA,Oncogenic,Oncogenic,NA,F,NA,NA,,3,11,G,A,16.3Muts/Mb,NA,NA,NA,2024年08月29日
********,********,ID_27,Vulva/Vagina,NA,NA,NA,NA,NA,2000/01/01,NCC oncopanel v4.1,43,NA,6,2,0,0,0,0,0,0,0,0,0,2,1,14,4,0,small_scale_variant,Somatic,NA,TP53,A111C,NA,0.21 (105/502),NA,NA,NA,NA,NA,NA,NA,NA,NA,NA,NA,NA,Predictive,Sensitivity/Response,NA,C,olarapib,NA,,3,11,G,A,16.3Muts/Mb,NA,NA,NA,2024年08月29日
********,********,ID_27,Vulva/Vagina,NA,NA,NA,NA,NA,2000/01/01,NCC oncopanel v4.1,43,NA,6,2,0,0,0,0,0,0,0,0,0,2,1,14,4,0,small_scale_variant,Somatic,NA,Gene5,A111C,NA,0.21 (105/502),NA,NA,NA,NA,NA,NA,NA,NA,NA,NA,NA,NA,Oncogenic,Oncogenic,NA,F,NA,NA,,3,22,G,A,16.3Muts/Mb,NA,NA,NA,2024年08月29日
********,********,ID_27,Vulva/Vagina,NA,NA,NA,NA,NA,2000/01/01,NCC oncopanel v4.1,43,NA,6,2,0,0,0,0,0,0,0,0,0,2,1,14,4,0,small_scale_variant,Somatic,NA,Gene5,A111C,NA,0.21 (105/502),NA,NA,NA,NA,NA,NA,NA,NA,NA,NA,NA,NA,Predictive,Sensitivity/Response,NA,C,alpelisib,NA,,3,22,G,A,16.3Muts/Mb,NA,NA,NA,2024年08月29日
********,********,ID_28,Vulva/Vagina,NA,NA,NA,NA,NA,2000/01/01,NCC oncopanel v4.1,43,NA,6,2,0,0,0,0,0,0,0,0,0,2,1,14,4,0,other_biomarker,Somatic,NA,TMB,NA,NA,NA,NA,NA,NA,NA,NA,NA,NA,NA,NA,NA,NA,NA,NA,NA,NA,NA,NA,NA,,NA,NA,NA,NA,6.3Muts/Mb,NA,NA,NA,2024年08月29日
********,********,ID_28,Vulva/Vagina,NA,NA,NA,NA,NA,2000/01/01,NCC oncopanel v4.1,43,NA,6,2,0,0,0,0,0,0,0,0,0,2,1,14,4,0,small_scale_variant,Somatic,NA,TP53,A111C,NA,0.21 (105/502),NA,NA,NA,NA,NA,NA,NA,NA,NA,NA,NA,NA,Oncogenic,Oncogenic,NA,F,NA,NA,,3,11,G,A,6.3Muts/Mb,NA,NA,NA,2024年08月29日
********,********,ID_28,Vulva/Vagina,NA,NA,NA,NA,NA,2000/01/01,NCC oncopanel v4.1,43,NA,6,2,0,0,0,0,0,0,0,0,0,2,1,14,4,0,small_scale_variant,Somatic,NA,TP53,A111C,NA,0.21 (105/502),NA,NA,NA,NA,NA,NA,NA,NA,NA,NA,NA,NA,Predictive,Sensitivity/Response,NA,C,olarapib,NA,,3,11,G,A,6.3Muts/Mb,NA,NA,NA,2024年08月29日
********,********,ID_28,Vulva/Vagina,NA,NA,NA,NA,NA,2000/01/01,NCC oncopanel v4.1,43,NA,6,2,0,0,0,0,0,0,0,0,0,2,1,14,4,0,small_scale_variant,Somatic,NA,Gene5,A111C,NA,0.21 (105/502),NA,NA,NA,NA,NA,NA,NA,NA,NA,NA,NA,NA,Oncogenic,Oncogenic,NA,F,NA,NA,,3,22,G,A,6.3Muts/Mb,NA,NA,NA,2024年08月29日
********,********,ID_28,Vulva/Vagina,NA,NA,NA,NA,NA,2000/01/01,NCC oncopanel v4.1,43,NA,6,2,0,0,0,0,0,0,0,0,0,2,1,14,4,0,small_scale_variant,Somatic,NA,Gene5,A111C,NA,0.21 (105/502),NA,NA,NA,NA,NA,NA,NA,NA,NA,NA,NA,NA,Predictive,Sensitivity/Response,NA,C,alpelisib,NA,,3,22,G,A,6.3Muts/Mb,NA,NA,NA,2024年08月29日
********,********,ID_29,Vulva/Vagina,NA,NA,NA,NA,NA,2000/01/01,NCC oncopanel v4.1,43,NA,6,2,0,0,0,0,0,0,0,0,0,2,1,14,4,0,other_biomarker,Somatic,NA,TMB,NA,NA,NA,NA,NA,NA,NA,NA,NA,NA,NA,NA,NA,NA,NA,NA,NA,NA,NA,NA,NA,,NA,NA,NA,NA,16.3Muts/Mb,NA,NA,NA,2024年08月29日
********,********,ID_29,Vulva/Vagina,NA,NA,NA,NA,NA,2000/01/01,NCC oncopanel v4.1,43,NA,6,2,0,0,0,0,0,0,0,0,0,2,1,14,4,0,small_scale_variant,Somatic,NA,TP53,A111C,NA,0.21 (105/502),NA,NA,NA,NA,NA,NA,NA,NA,NA,NA,NA,NA,Oncogenic,Oncogenic,NA,F,NA,NA,,3,11,G,A,16.3Muts/Mb,NA,NA,NA,2024年08月29日
********,********,ID_29,Vulva/Vagina,NA,NA,NA,NA,NA,2000/01/01,NCC oncopanel v4.1,43,NA,6,2,0,0,0,0,0,0,0,0,0,2,1,14,4,0,small_scale_variant,Somatic,NA,TP53,A111C,NA,0.21 (105/502),NA,NA,NA,NA,NA,NA,NA,NA,NA,NA,NA,NA,Predictive,Sensitivity/Response,NA,C,olarapib,NA,,3,11,G,A,16.3Muts/Mb,NA,NA,NA,2024年08月29日
********,********,ID_29,Vulva/Vagina,NA,NA,NA,NA,NA,2000/01/01,NCC oncopanel v4.1,43,NA,6,2,0,0,0,0,0,0,0,0,0,2,1,14,4,0,small_scale_variant,Somatic,NA,Gene5,A111C,NA,0.21 (105/502),NA,NA,NA,NA,NA,NA,NA,NA,NA,NA,NA,NA,Oncogenic,Oncogenic,NA,F,NA,NA,,3,22,G,A,16.3Muts/Mb,NA,NA,NA,2024年08月29日
********,********,ID_29,Vulva/Vagina,NA,NA,NA,NA,NA,2000/01/01,NCC oncopanel v4.1,43,NA,6,2,0,0,0,0,0,0,0,0,0,2,1,14,4,0,small_scale_variant,Somatic,NA,Gene5,A111C,NA,0.21 (105/502),NA,NA,NA,NA,NA,NA,NA,NA,NA,NA,NA,NA,Predictive,Sensitivity/Response,NA,C,alpelisib,NA,,3,22,G,A,16.3Muts/Mb,NA,NA,NA,2024年08月29日
********,********,ID_30,Vulva/Vagina,NA,NA,NA,NA,NA,2000/01/01,NCC oncopanel v4.1,43,NA,6,2,0,0,0,0,0,0,0,0,0,2,1,14,4,0,other_biomarker,Somatic,NA,TMB,NA,NA,NA,NA,NA,NA,NA,NA,NA,NA,NA,NA,NA,NA,NA,NA,NA,NA,NA,NA,NA,,NA,NA,NA,NA,6.3Muts/Mb,NA,NA,NA,2024年08月29日
********,********,ID_30,Vulva/Vagina,NA,NA,NA,NA,NA,2000/01/01,NCC oncopanel v4.1,43,NA,6,2,0,0,0,0,0,0,0,0,0,2,1,14,4,0,small_scale_variant,Somatic,NA,TP53,A111C,NA,0.21 (105/502),NA,NA,NA,NA,NA,NA,NA,NA,NA,NA,NA,NA,Oncogenic,Oncogenic,NA,F,NA,NA,,3,11,G,A,6.3Muts/Mb,NA,NA,NA,2024年08月29日
********,********,ID_30,Vulva/Vagina,NA,NA,NA,NA,NA,2000/01/01,NCC oncopanel v4.1,43,NA,6,2,0,0,0,0,0,0,0,0,0,2,1,14,4,0,small_scale_variant,Somatic,NA,Gene6,A111C,NA,0.21 (105/502),NA,NA,NA,NA,NA,NA,NA,NA,NA,NA,NA,NA,Predictive,Sensitivity/Response,NA,F,NA,NA,,3,22,G,A,6.3Muts/Mb,NA,NA,NA,2024年08月29日
********,********,ID_31,Vulva/Vagina,NA,NA,NA,NA,NA,2000/01/01,NCC oncopanel v4.1,43,NA,6,2,0,0,0,0,0,0,0,0,0,2,1,14,4,0,other_biomarker,Somatic,NA,TMB,NA,NA,NA,NA,NA,NA,NA,NA,NA,NA,NA,NA,NA,NA,NA,NA,NA,NA,NA,NA,NA,,NA,NA,NA,NA,6.3Muts/Mb,NA,NA,NA,2024年08月29日
********,********,ID_31,Vulva/Vagina,NA,NA,NA,NA,NA,2000/01/01,NCC oncopanel v4.1,43,NA,6,2,0,0,0,0,0,0,0,0,0,2,1,14,4,0,small_scale_variant,Somatic,NA,Gene1,A111C,NA,0.21 (105/502),NA,NA,NA,NA,NA,NA,NA,NA,NA,NA,NA,NA,Oncogenic,Oncogenic,NA,F,NA,NA,,3,11,G,A,6.3Muts/Mb,NA,NA,NA,2024年08月29日
********,********,ID_31,Vulva/Vagina,NA,NA,NA,NA,NA,2000/01/01,NCC oncopanel v4.1,43,NA,6,2,0,0,0,0,0,0,0,0,0,2,1,14,4,0,small_scale_variant,Somatic,NA,Gene6,A111C,NA,0.21 (105/502),NA,NA,NA,NA,NA,NA,NA,NA,NA,NA,NA,NA,Predictive,Sensitivity/Response,NA,F,NA,NA,,3,22,G,A,6.3Muts/Mb,NA,NA,NA,2024年08月29日
********,********,ID_32,Vulva/Vagina,NA,NA,NA,NA,NA,2000/01/01,NCC oncopanel v4.1,43,NA,6,2,0,0,0,0,0,0,0,0,0,2,1,14,4,0,other_biomarker,Somatic,NA,TMB,NA,NA,NA,NA,NA,NA,NA,NA,NA,NA,NA,NA,NA,NA,NA,NA,NA,NA,NA,NA,NA,,NA,NA,NA,NA,6.3Muts/Mb,NA,NA,NA,2024年08月29日
********,********,ID_32,Vulva/Vagina,NA,NA,NA,NA,NA,2000/01/01,NCC oncopanel v4.1,43,NA,6,2,0,0,0,0,0,0,0,0,0,2,1,14,4,0,small_scale_variant,Somatic,NA,Gene4,A111C,NA,0.21 (105/502),NA,NA,NA,NA,NA,NA,NA,NA,NA,NA,NA,NA,Oncogenic,Oncogenic,NA,F,NA,NA,,3,11,G,A,6.3Muts/Mb,NA,NA,NA,2024年08月29日
********,********,ID_32,Vulva/Vagina,NA,NA,NA,NA,NA,2000/01/01,NCC oncopanel v4.1,43,NA,6,2,0,0,0,0,0,0,0,0,0,2,1,14,4,0,small_scale_variant,Somatic,NA,Gene6,A111C,NA,0.21 (105/502),NA,NA,NA,NA,NA,NA,NA,NA,NA,NA,NA,NA,Predictive,Sensitivity/Response,NA,F,NA,NA,,3,22,G,A,6.3Muts/Mb,NA,NA,NA,2024年08月29日
********,********,ID_33,Vulva/Vagina,NA,NA,NA,NA,NA,2000/01/01,NCC oncopanel v4.1,43,NA,6,2,0,0,0,0,0,0,0,0,0,2,1,14,4,0,other_biomarker,Somatic,NA,TMB,NA,NA,NA,NA,NA,NA,NA,NA,NA,NA,NA,NA,NA,NA,NA,NA,NA,NA,NA,NA,NA,,NA,NA,NA,NA,6.3Muts/Mb,NA,NA,NA,2024年08月29日
********,********,ID_33,Vulva/Vagina,NA,NA,NA,NA,NA,2000/01/01,NCC oncopanel v4.1,43,NA,6,2,0,0,0,0,0,0,0,0,0,2,1,14,4,0,small_scale_variant,Somatic,NA,TP53,A111C,NA,0.21 (105/502),NA,NA,NA,NA,NA,NA,NA,NA,NA,NA,NA,NA,Oncogenic,Oncogenic,NA,F,NA,NA,,3,11,G,A,6.3Muts/Mb,NA,NA,NA,2024年08月29日
********,********,ID_33,Vulva/Vagina,NA,NA,NA,NA,NA,2000/01/01,NCC oncopanel v4.1,43,NA,6,2,0,0,0,0,0,0,0,0,0,2,1,14,4,0,small_scale_variant,Somatic,NA,Gene6,A111C,NA,0.21 (105/502),NA,NA,NA,NA,NA,NA,NA,NA,NA,NA,NA,NA,Predictive,Sensitivity/Response,NA,F,NA,NA,,3,22,G,A,6.3Muts/Mb,NA,NA,NA,2024年08月29日
********,********,ID_34,Vulva/Vagina,NA,NA,NA,NA,NA,2000/01/01,NCC oncopanel v4.1,43,NA,6,2,0,0,0,0,0,0,0,0,0,2,1,14,4,0,other_biomarker,Somatic,NA,TMB,NA,NA,NA,NA,NA,NA,NA,NA,NA,NA,NA,NA,NA,NA,NA,NA,NA,NA,NA,NA,NA,,NA,NA,NA,NA,6.3Muts/Mb,NA,NA,NA,2024年08月29日
********,********,ID_34,Vulva/Vagina,NA,NA,NA,NA,NA,2000/01/01,NCC oncopanel v4.1,43,NA,6,2,0,0,0,0,0,0,0,0,0,2,1,14,4,0,small_scale_variant,Somatic,NA,Gene4,A111C,NA,0.21 (105/502),NA,NA,NA,NA,NA,NA,NA,NA,NA,NA,NA,NA,Oncogenic,Oncogenic,NA,F,NA,NA,,3,11,G,A,6.3Muts/Mb,NA,NA,NA,2024年08月29日
********,********,ID_34,Vulva/Vagina,NA,NA,NA,NA,NA,2000/01/01,NCC oncopanel v4.1,43,NA,6,2,0,0,0,0,0,0,0,0,0,2,1,14,4,0,small_scale_variant,Somatic,NA,Gene6,A111C,NA,0.21 (105/502),NA,NA,NA,NA,NA,NA,NA,NA,NA,NA,NA,NA,Predictive,Sensitivity/Response,NA,F,NA,NA,,3,22,G,A,6.3Muts/Mb,NA,NA,NA,2024年08月29日