Organ,Histology,Patient_no,Day_180_survival,Year_1_survival,Year_2_survival,Year_3_survival,Year_4_survival,Time_50percent,Time_25percent,Year_1_reach_rate,Year_2_reach_rate,Year_3_reach_rate,Year_4_reach_rate,Deceased_patient_no,All_treatment_reach_no,Deceased_treatment_reach_no,Treatment_reach_rate_all,Treatment_reach_rate_deceased,Treatment_rate_crossing_date,Promising_survival_ratio,Patient_no_deceased_1_180,Patient_no_deceased_181_,Treatment_reach_no_deceased_1_180,Treatment_reach_no_deceased_181_,Treatment_reach_rate_deceased_1_180,Treatment_reach_rate_deceased_181_,Fisher_odds_ratio_estimate_180_vs_181,Fisher_odds_ratio_95CI_lower_limit_180_vs_181,Fisher_odds_ratio_95CI_upper_limit_180_vs_181,Fisher_p_value_180_vs_181,Patient_no_deceased_1_365,Patient_no_deceased_366_,Treatment_reach_no_deceased_1_365,Treatment_reach_no_deceased_366_,Treatment_reach_rate_deceased_1_365,Treatment_reach_rate_deceased_366_,Fisher_odds_ratio_estimate_365_vs_366,Fisher_odds_ratio_95CI_lower_limit_365_vs_366,Fisher_odds_ratio_95CI_upper_limit_365_vs_366,Fisher_p_value_365_vs_366
SOFT_TISSUE,GS;RCSNOS;SCSRMS;SOFT_TISSUE;EPIS;DDLS;WDLS;ARMS;MFH;ESST;LMS;CCS;GIST;SARCNOS;LIPO;PLLS;SYNS;MFS;ANGS;EHAE;ERMS;SFT;INTS;DSRCT;STMYEC;FIBS;IFS;MRLS;HDCS;IMT;PLRMS;ASPS;SCRMS;RMS;DES;DCS;PGNG;PECOMA;PTES;PMHE;LGFMS;OFMT;MPC;AFH;LM;SEF;HEMA;RAS,2830,0.819,0.66,0.456,0.319,0.238,626,1356,0.041,0.054,0.054,0.056,1052,143,59,0.051,0.056,165,0.264,427,625,16,43,0.037,0.069,1.835,0.997,3.538,0.041,705,347,29,30,0.041,0.086,2.1,1.197,3.69,0.007
BILIARY_TRACT,BILIARY_TRACT;GBAD;IHCH;GBC;IPN;GBASC;PHCH;EHCH;CHOL;ICPN;SCGBC,5868,0.693,0.421,0.198,0.109,0.071,303,601,0.052,0.061,0.064,0.064,2619,377,168,0.064,0.064,230,0.759,1370,1249,47,121,0.034,0.097,2.823,1.981,4.079,0,2173,446,114,54,0.052,0.121,2.307,1.611,3.273,0
BILIARY_TRACT,BILIARY_TRACT;GBAD;IHCH;GBC;IPN;GBASC;PHCH;EHCH;CHOL;ICPN;SCGBC,5868,0.693,0.421,0.198,0.109,0.071,303,601,0.052,0.061,0.064,0.064,2619,377,168,0.064,0.064,230,0.759,1370,1249,47,121,0.034,0.097,2.823,1.981,4.079,0,2173,446,114,54,0.052,0.121,2.307,1.611,3.273,0
OVARY,HGSOC;CCOV;LGSOC;OCS;OVARY;HGSFT;EOV;OMT;OOVC;SOC;MOV;OVT;GRCT;HGONEC;MXOV;SLCT;SBOV;CCBOV;OMGCT;SCT;OYST;MBOV;OGCT;OCNOS;OIMT;OSMCA;EBOV;ODYS;SCCO;BTOV;SCST;OSMBT;BTMOV,3880,0.758,0.506,0.274,0.198,0.133,371,805,0.062,0.066,0.067,0.069,1626,275,113,0.071,0.069,184,0.496,737,889,24,89,0.033,0.1,3.072,1.916,5.099,0,1262,364,78,35,0.062,0.096,1.555,0.995,2.39,0.048
LUNG,ALUCA;LUAD;LUPC;LUSC;SCLC;LCLC;NSCLC;LUNE;LUACC;LUMEC;CSCLC;LUAS;SARCL;NSCLCPD;PPB;LUCA;LAIS;LNET;NUTCL;SPCC,2348,0.749,0.516,0.306,0.177,NA,386,828,0.116,0.128,0.136,0.136,904,360,123,0.153,0.136,343,0.889,452,452,48,75,0.106,0.166,1.562,1.046,2.349,0.027,726,178,85,38,0.117,0.213,1.822,1.167,2.806,0.006
