Organ,Histology,Patient_no,Day_180_survival,Year_1_survival,Year_2_survival,Year_3_survival,Year_4_survival,Time_50percent,Time_25percent,Year_1_reach_rate,Year_2_reach_rate,Year_3_reach_rate,Year_4_reach_rate,Deceased_patient_no,All_treatment_reach_no,Deceased_treatment_reach_no,Treatment_reach_rate_all,Treatment_reach_rate_deceased,Treatment_rate_crossing_date,Promising_survival_ratio,Patient_no_deceased_1_180,Patient_no_deceased_181_,Treatment_reach_no_deceased_1_180,Treatment_reach_no_deceased_181_,Treatment_reach_rate_deceased_1_180,Treatment_reach_rate_deceased_181_,Fisher_odds_ratio_estimate_180_vs_181,Fisher_odds_ratio_95CI_lower_limit_180_vs_181,Fisher_odds_ratio_95CI_upper_limit_180_vs_181,Fisher_p_value_180_vs_181,Patient_no_deceased_1_365,Patient_no_deceased_366_,Treatment_reach_no_deceased_1_365,Treatment_reach_no_deceased_366_,Treatment_reach_rate_deceased_1_365,Treatment_reach_rate_deceased_366_,Fisher_odds_ratio_estimate_365_vs_366,Fisher_odds_ratio_95CI_lower_limit_365_vs_366,Fisher_odds_ratio_95CI_upper_limit_365_vs_366,Fisher_p_value_365_vs_366
SOFT_TISSUE,GS;RCSNOS;SCSRMS;SOFT_TISSUE;EPIS;DDLS;WDLS;ARMS;MFH;ESST;LMS;CCS;GIST;SARCNOS;LIPO;PLLS;SYNS;MFS;ANGS;EHAE;ERMS;SFT;INTS;DSRCT;STMYEC;FIBS;IFS;MRLS;HDCS;IMT;PLRMS;ASPS;SCRMS;RMS;DES;DCS;PGNG;PECOMA;PTES;PMHE;LGFMS;OFMT;MPC;AFH;LM;SEF;HEMA;RAS,2830,0.819,0.66,0.456,0.319,0.238,626,1356,0.041,0.054,0.054,0.056,1052,143,59,0.051,0.056,165,0.264,427,625,16,43,0.037,0.069,1.835,0.997,3.538,0.041,705,347,29,30,0.041,0.086,2.1,1.197,3.69,0.007
BILIARY_TRACT,BILIARY_TRACT;GBAD;IHCH;GBC;IPN;GBASC;PHCH;EHCH;CHOL;ICPN;SCGBC,5868,0.693,0.421,0.198,0.109,0.071,303,601,0.052,0.061,0.064,0.064,2619,377,168,0.064,0.064,230,0.759,1370,1249,47,121,0.034,0.097,2.823,1.981,4.079,0,2173,446,114,54,0.052,0.121,2.307,1.611,3.273,0
BILIARY_TRACT,BILIARY_TRACT;GBAD;IHCH;GBC;IPN;GBASC;PHCH;EHCH;CHOL;ICPN;SCGBC,5868,0.693,0.421,0.198,0.109,0.071,303,601,0.052,0.061,0.064,0.064,2619,377,168,0.064,0.064,230,0.759,1370,1249,47,121,0.034,0.097,2.823,1.981,4.079,0,2173,446,114,54,0.052,0.121,2.307,1.611,3.273,0
OVARY,HGSOC;CCOV;LGSOC;OCS;OVARY;HGSFT;EOV;OMT;OOVC;SOC;MOV;OVT;GRCT;HGONEC;MXOV;SLCT;SBOV;CCBOV;OMGCT;SCT;OYST;MBOV;OGCT;OCNOS;OIMT;OSMCA;EBOV;ODYS;SCCO;BTOV;SCST;OSMBT;BTMOV,3880,0.758,0.506,0.274,0.198,0.133,371,805,0.062,0.066,0.067,0.069,1626,275,113,0.071,0.069,184,0.496,737,889,24,89,0.033,0.1,3.072,1.916,5.099,0,1262,364,78,35,0.062,0.096,1.555,0.995,2.39,0.048
LUNG,ALUCA;LUAD;LUPC;LUSC;SCLC;LCLC;NSCLC;LUNE;LUACC;LUMEC;CSCLC;LUAS;SARCL;NSCLCPD;PPB;LUCA;LAIS;LNET;NUTCL;SPCC,2348,0.749,0.516,0.306,0.177,NA,386,828,0.116,0.128,0.136,0.136,904,360,123,0.153,0.136,343,0.889,452,452,48,75,0.106,0.166,1.562,1.046,2.349,0.027,726,178,85,38,0.117,0.213,1.822,1.167,2.806,0.006
BILIARY_TRACT;AMPULLA_OF_VATER,EHCH;GBC;IHCH;PHCH;AMPCA,5500,0.69,0.422,0.193,0.104,0.076,303,597,0.05,0.059,0.062,0.062,2402,339,148,0.062,0.062,225,0.743,1284,1118,44,104,0.034,0.093,2.714,1.871,3.991,0,2009,393,101,47,0.05,0.12,2.378,1.617,3.456,0
BILIARY_TRACT;AMPULLA_OF_VATER,BILIARY_TRACT;GBAD;IHCH;GBC;IPN;GBASC;PHCH;EHCH;CHOL;AMPCA;AMPULLA_OF_VATER;PAMPCA;ICPN;IAMPCA;SCGBC;MAMPCA,6273,0.695,0.424,0.199,0.112,0.072,305,608,0.049,0.059,0.062,0.062,2801,389,173,0.062,0.062,230,0.754,1457,1344,47,126,0.032,0.094,2.905,2.044,4.188,0,2316,485,115,58,0.05,0.12,2.408,1.698,3.384,0
BILIARY_TRACT;AMPULLA_OF_VATER,GBAD;IHCH;GBC;IPN;GBASC;PHCH;EHCH;AMPCA;PAMPCA;ICPN;IAMPCA;SCGBC;MAMPCA,5339,0.692,0.428,0.191,0.106,NA,305,595,0.048,0.058,0.059,0.059,2275,323,134,0.06,0.059,219,0.718,1230,1045,40,94,0.033,0.09,2.765,1.872,4.149,0,1908,367,93,41,0.049,0.112,2.291,1.52,3.405,0
KIDNEY,NCCRCC;CCRCC;PRCC;CHRCC;RNET;WT;URCC;KIDNEY;RCC;FHRCC;MRT;CCSK;SCCRCC;CDRCC;RAML;MTSCC;SRCC;TRCC;RSCC,548,0.81,0.632,0.464,0.344,0.32,612,NA,0.062,0.066,0.073,0.073,193,38,14,0.069,0.073,73,0.119,87,106,6,8,0.069,0.075,1.094,0.319,3.98,1,146,47,10,4,0.068,0.085,1.241,0.271,4.56,0.75
KIDNEY,NCCRCC;CCRCC;PRCC;CHRCC;RNET;WT;URCC;KIDNEY;RCC;FHRCC;MRT;CCSK;SCCRCC;CDRCC;RAML;MTSCC;SRCC;TRCC;RSCC,548,0.81,0.632,0.464,0.344,0.32,612,NA,0.062,0.066,0.073,0.073,193,38,14,0.069,0.073,73,0.119,87,106,6,8,0.069,0.075,1.094,0.319,3.98,1,146,47,10,4,0.068,0.085,1.241,0.271,4.56,0.75
OVARY,HGSOC;CCOV;SOC,2042,0.763,0.498,0.236,0.167,NA,362,686,0.057,0.056,0.055,0.055,796,135,44,0.066,0.055,172,0.475,371,425,10,34,0.027,0.08,2.964,1.408,6.823,0.002,636,160,36,8,0.057,0.05,0.883,0.348,1.982,0.849
CERVIX,GCEMU;CERVIX;CESC;CEAD;SCCE;ECAD;CEAS;CECC;CEMU;MCCE;CENE;SCEMU;CESE;CEGCC;ICEMU;CEEN;CEMN;CEAIS;CACC;CELI,1788,0.755,0.497,0.266,0.181,0.131,361,764,0.069,0.077,0.079,0.078,862,139,67,0.078,0.078,144,0.399,368,494,18,49,0.049,0.099,2.026,1.137,3.76,0.014,656,206,45,22,0.069,0.107,1.556,0.868,2.719,0.106
ADRENAL_GLAND,PHC;ACC;ADRENAL_GLAND,193,0.876,0.737,0.444,0.304,0.304,645,NA,0,0.07,0.065,0.065,62,12,4,0.062,0.065,315,0.488,20,42,0,4,0,0.095,Inf,0.287,Inf,0.306,36,26,0,4,0,0.154,Inf,0.831,Inf,0.038
ADRENAL_GLAND,PHC;ACC;ADRENAL_GLAND,193,0.876,0.737,0.444,0.304,0.304,645,NA,0,0.07,0.065,0.065,62,12,4,0.062,0.065,315,0.488,20,42,0,4,0,0.095,Inf,0.287,Inf,0.306,36,26,0,4,0,0.154,Inf,0.831,Inf,0.038
ADRENAL_GLAND,PHC;ACC;ADRENAL_GLAND,193,0.876,0.737,0.444,0.304,0.304,645,NA,0,0.07,0.065,0.065,62,12,4,0.062,0.065,315,0.488,20,42,0,4,0,0.095,Inf,0.287,Inf,0.306,36,26,0,4,0,0.154,Inf,0.831,Inf,0.038
EYE,EYE;UM;CM;RBL;LGT;ACLG;OM,103,0.884,0.631,0.543,0.445,NA,1001,1298,0.087,0.077,0.071,0.067,30,3,2,0.029,0.067,88,0.088,9,21,1,1,0.111,0.048,0.441,0.005,37.346,0.534,23,7,2,0,0.087,0,0,0,19.806,1
EYE,EYE;UM;CM;RBL;LGT;ACLG;OM,103,0.884,0.631,0.543,0.445,NA,1001,1298,0.087,0.077,0.071,0.067,30,3,2,0.029,0.067,88,0.088,9,21,1,1,0.111,0.048,0.441,0.005,37.346,0.534,23,7,2,0,0.087,0,0,0,19.806,1
PENIS,PENIS,51,0.655,0.405,NA,NA,NA,315,480,0.167,0.19,0.19,0.19,21,7,4,0.137,0.19,92,0.292,13,8,2,2,0.154,0.25,1.593,0.097,26.187,1,18,3,3,1,0.167,0.333,1.936,0.029,37.149,0.527
PENIS,VPSCC;PSCC;WPSCC;PENIS;BPSCC,51,0.655,0.405,NA,NA,NA,315,480,0.167,0.19,0.19,0.19,21,7,4,0.137,0.19,92,0.292,13,8,2,2,0.154,0.25,1.593,0.097,26.187,1,18,3,3,1,0.167,0.333,1.936,0.029,37.149,0.527
PENIS,PENIS,51,0.655,0.405,NA,NA,NA,315,480,0.167,0.19,0.19,0.19,21,7,4,0.137,0.19,92,0.292,13,8,2,2,0.154,0.25,1.593,0.097,26.187,1,18,3,3,1,0.167,0.333,1.936,0.029,37.149,0.527
PENIS,PENIS,51,0.655,0.405,NA,NA,NA,315,480,0.167,0.19,0.19,0.19,21,7,4,0.137,0.19,92,0.292,13,8,2,2,0.154,0.25,1.593,0.097,26.187,1,18,3,3,1,0.167,0.333,1.936,0.029,37.149,0.527
PENIS,VPSCC;PSCC;WPSCC;PENIS;BPSCC,51,0.655,0.405,NA,NA,NA,315,480,0.167,0.19,0.19,0.19,21,7,4,0.137,0.19,92,0.292,13,8,2,2,0.154,0.25,1.593,0.097,26.187,1,18,3,3,1,0.167,0.333,1.936,0.029,37.149,0.527
SOFT_TISSUE,GS;RCSNOS;SCSRMS;SOFT_TISSUE;EPIS;DDLS;WDLS;ARMS;MFH;ESST;LMS;CCS;GIST;SARCNOS;LIPO;PLLS;SYNS;MFS;ANGS;EHAE;ERMS;SFT;INTS;DSRCT;STMYEC;FIBS;IFS;MRLS;HDCS;IMT;PLRMS;ASPS;SCRMS;RMS;DES;DCS;PGNG;PECOMA;PTES;PMHE;LGFMS;OFMT;MPC;AFH;LM;SEF;HEMA;RAS,2830,0.819,0.66,0.456,0.319,0.238,626,1356,0.041,0.054,0.054,0.056,1052,143,59,0.051,0.056,165,0.264,427,625,16,43,0.037,0.069,1.835,0.997,3.538,0.041,705,347,29,30,0.041,0.086,2.1,1.197,3.69,0.007
