Gene	Tumor	pathology_top	pathology_detail
APC	Adrenocortical Carcinoma	ADRENAL_GLAND	
APC	Ampullary Cancer	AMPULLA_OF_VATER	
APC	CNS Cancer	BRAIN	
APC	Esophagogastric Cancer	STOMACH	
APC	Appendiceal Cancer		APAD;CTAAP;GCCAP;MAAP;SRAP
APC	Colorectal Cancer		COADREAD;COAD;CAIS;MACR;READ;SRCCR
APC	Embryonal Tumor		EMBT;ATRT;DMBL;ETANTR;AMBL;MBL;MBEN;MDEP;MMB;MMBL;ONBL;PNET;DMBLNOS;DMBLSHH;AMBLNOS;AMBLNWS;AMBLSHH;AMBLNWSG3;AMBLNWSG4;MBLG3;MBLG4;MBLNOS;MBLNWS;MBLSHH;MBLWNT;MBENNOS;MBENSHH;BEC;UESL;OEC;EMBCA;VOEC
APC	Gastrointestinal Neuroendocrine Tumor		GINET;HGNEC;SBWDNET;AWDNET;RWDNET;GINETES;HGNEE;HGNES;SWDNET
APC	Glioma		DIFG;ENCG;AASTR;AOAST;AODG;ASTR;DASTR;DIPG;GB;GBM;GSARC;SCGBM;GNOS;HGGNOS;OAST;ODG;AGNG;APXA;DNT;GNC;GNG;LGGNOS;PAST;PMA;PXA;ANGL;CHGL
APC	Small Bowel Cancer		SBC;SIC;DA
ATM	Breast Cancer	BREAST	
ATM	Pancreatic Cancer	PANCREAS	
ATM	Prostate Cancer	PROSTATE	
ATM	"Skin Cancer, Non-Melanoma"		ADPA;AFX;AN;BCC;CSCC;DF;DFSP;DTE;EMPSGC;EMPD;MCC;MAC;POCA;PORO;PPCT;SEBA;SKAC;SPIR;SGAD;AECA
ATM	Melanoma		URMM;ARMM;PCNSM;ESMM;OM;CM;UM;HNMUCM;KEL;ACRM;SKCN;SKCM;DESM;SKLMM;MUP;SPZM;VMM
BAP1	"Skin Cancer, Non-Melanoma"		ADPA;AFX;AN;BCC;CSCC;DF;DFSP;DTE;EMPSGC;EMPD;MCC;MAC;POCA;PORO;PPCT;SEBA;SKAC;SPIR;SGAD;AECA
BAP1	Melanoma		URMM;ARMM;PCNSM;ESMM;OM;CM;UM;HNMUCM;KEL;ACRM;SKCN;SKCM;DESM;SKLMM;MUP;SPZM;VMM
BAP1	Mesothelioma		PEMESO;PLMESO;PLBMESO;PLEMESO;PLSMESO;TMESO
BAP1	Renal Cell Carcinoma		RCC;CCRCC;NCCRCC;SCCRCC;CHRCC;CCPRC;CDRCC;FHRCC;PRCC;RAML;MRC;MTSCC;ROCY;RSCC;SRCC;TRCC;URCC
BARD1	Breast Cancer	BREAST	
BMPR1A	Esophagogastric Cancer	STOMACH	
BMPR1A	Colorectal Cancer		COADREAD;COAD;CAIS;MACR;READ;SRCCR
BMPR1A	Small Bowel Cancer		SBC;SIC;DA
BRCA1	Breast Cancer	BREAST	
BRCA1	Ovarian Cancer	OVARY	
BRCA1	Pancreatic Cancer	PANCREAS	
BRCA1	"Peritoneal Cancer, NOS"	PERITONEUM	
BRCA1	Prostate Cancer	PROSTATE	
BRCA2	Ampullary Cancer	AMPULLA_OF_VATER	
BRCA2	Breast Cancer	BREAST	
BRCA2	Hepatobiliary Cancer	LIVER;BILIARY_TRACT	
BRCA2	Ovarian Cancer	OVARY	
BRCA2	Pancreatic Cancer	PANCREAS	
BRCA2	"Peritoneal Cancer, NOS"	PERITONEUM	
BRCA2	Prostate Cancer	PROSTATE	
BRCA2	Esophagogastric Cancer	STOMACH	
BRIP1	Ovarian Cancer	OVARY	
BRIP1	"Peritoneal Cancer, NOS"	PERITONEUM	
CDC73	Parathyroid Cancer		PTH;PTHC
CDH1	Breast Cancer	BREAST	
CDH1	Esophagogastric Cancer	STOMACH	
CDH1	Colorectal Cancer		COADREAD;COAD;CAIS;MACR;READ;SRCCR
CDK4	"Skin Cancer, Non-Melanoma"		ADPA;AFX;AN;BCC;CSCC;DF;DFSP;DTE;EMPSGC;EMPD;MCC;MAC;POCA;PORO;PPCT;SEBA;SKAC;SPIR;SGAD;AECA
CDK4	Melanoma		URMM;ARMM;PCNSM;ESMM;OM;CM;UM;HNMUCM;KEL;ACRM;SKCN;SKCM;DESM;SKLMM;MUP;SPZM;VMM
CDKN2A	Pancreatic Cancer	PANCREAS	
CDKN2A	"Skin Cancer, Non-Melanoma"		ADPA;AFX;AN;BCC;CSCC;DF;DFSP;DTE;EMPSGC;EMPD;MCC;MAC;POCA;PORO;PPCT;SEBA;SKAC;SPIR;SGAD;AECA
CDKN2A	Glioma		DIFG;ENCG;AASTR;AOAST;AODG;ASTR;DASTR;DIPG;GB;GBM;GSARC;SCGBM;GNOS;HGGNOS;OAST;ODG;AGNG;APXA;DNT;GNC;GNG;LGGNOS;PAST;PMA;PXA;ANGL;CHGL
CDKN2A	Melanoma		URMM;ARMM;PCNSM;ESMM;OM;CM;UM;HNMUCM;KEL;ACRM;SKCN;SKCM;DESM;SKLMM;MUP;SPZM;VMM
CHEK2	Breast Cancer	BREAST	
CHEK2	Prostate Cancer	PROSTATE	
DICER1	CNS Cancer	BRAIN	
DICER1	Cervical Cancer	CERVIX	
DICER1	Soft Tissue Sarcoma	SOFT_TISSUE	
DICER1	Embryonal Tumor		EMBT;ATRT;DMBL;ETANTR;AMBL;MBL;MBEN;MDEP;MMB;MMBL;ONBL;PNET;DMBLNOS;DMBLSHH;AMBLNOS;AMBLNWS;AMBLSHH;AMBLNWSG3;AMBLNWSG4;MBLG3;MBLG4;MBLNOS;MBLNWS;MBLSHH;MBLWNT;MBENNOS;MBENSHH;BEC;UESL;OEC;EMBCA;VOEC
DICER1	Sex Cord Stromal Tumor		SCST;FT;OGBL;GRCT;SLCT;SCT;TSCST
FH	"Skin Cancer, Non-Melanoma"		ADPA;AFX;AN;BCC;CSCC;DF;DFSP;DTE;EMPSGC;EMPD;MCC;MAC;POCA;PORO;PPCT;SEBA;SKAC;SPIR;SGAD;AECA
FH	Soft Tissue Sarcoma	SOFT_TISSUE	
FH	PHEO-PGL		PHC
FH	Renal Cell Carcinoma		RCC;CCRCC;NCCRCC;SCCRCC;CHRCC;CCPRC;CDRCC;FHRCC;PRCC;RAML;MRC;MTSCC;ROCY;RSCC;SRCC;TRCC;URCC
FLCN	Renal Cell Carcinoma		RCC;CCRCC;NCCRCC;SCCRCC;CHRCC;CCPRC;CDRCC;FHRCC;PRCC;RAML;MRC;MTSCC;ROCY;RSCC;SRCC;TRCC;URCC
HRAS	Bladder Cancer	BLADDER	
HRAS	Embryonal Tumor		EMBT;ATRT;DMBL;ETANTR;AMBL;MBL;MBEN;MDEP;MMB;MMBL;ONBL;PNET;DMBLNOS;DMBLSHH;AMBLNOS;AMBLNWS;AMBLSHH;AMBLNWSG3;AMBLNWSG4;MBLG3;MBLG4;MBLNOS;MBLNWS;MBLSHH;MBLWNT;MBENNOS;MBENSHH;BEC;UESL;OEC;EMBCA;VOEC
HRAS	Glioma		DIFG;ENCG;AASTR;AOAST;AODG;ASTR;DASTR;DIPG;GB;GBM;GSARC;SCGBM;GNOS;HGGNOS;OAST;ODG;AGNG;APXA;DNT;GNC;GNG;LGGNOS;PAST;PMA;PXA;ANGL;CHGL
KIT	Gastrointestinal Neuroendocrine Tumor		GINET;HGNEC;SBWDNET;AWDNET;RWDNET;GINETES;HGNEE;HGNES;SWDNET
KIT	Gastrointestinal Stromal Tumor		GIST
MAX	Head and Neck Cancer	HEAD_NECK	
MAX	PHEO-PGL		PHC
MEN1	Adrenocortical Carcinoma	ADRENAL_GLAND	
MEN1	Head and Neck Cancer	HEAD_NECK	
MEN1	Pancreatic Cancer	PANCREAS	
MEN1	Thymic Tumor	THYMUS	
MEN1	Gastrointestinal Neuroendocrine Tumor		GINET;HGNEC;SBWDNET;AWDNET;RWDNET;GINETES;HGNEE;HGNES;SWDNET
MEN1	Parathyroid Cancer		PTH;PTHC
MEN1	PHEO-PGL		PHC
MEN1	Sellar Tumor		SELT;APTAD;ACPG;PCGP;GCT;PTCY;PTAD;PTCA;SCOAH
MET	Renal Cell Carcinoma		RCC;CCRCC;NCCRCC;SCCRCC;CHRCC;CCPRC;CDRCC;FHRCC;PRCC;RAML;MRC;MTSCC;ROCY;RSCC;SRCC;TRCC;URCC
MLH1	Ampullary Cancer	AMPULLA_OF_VATER	
MLH1	Bladder Cancer	BLADDER	
MLH1	CNS Cancer	BRAIN	
MLH1	Hepatobiliary Cancer	LIVER;BILIARY_TRACT	
MLH1	Ovarian Cancer	OVARY	
MLH1	Pancreatic Cancer	PANCREAS	
MLH1	"Peritoneal Cancer, NOS"	PERITONEUM	
MLH1	Prostate Cancer	PROSTATE	
MLH1	"Skin Cancer, Non-Melanoma"		ADPA;AFX;AN;BCC;CSCC;DF;DFSP;DTE;EMPSGC;EMPD;MCC;MAC;POCA;PORO;PPCT;SEBA;SKAC;SPIR;SGAD;AECA
MLH1	Esophagogastric Cancer	STOMACH	
MLH1	Appendiceal Cancer		APAD;CTAAP;GCCAP;MAAP;SRAP
MLH1	Colorectal Cancer		COADREAD;COAD;CAIS;MACR;READ;SRCCR
MLH1	Endometrial Cancer		CEEN;EBOV;EOV;UCEC;ESS;HGESS;LGESS;UPDC;UASC;UCS;UCCC;UDDC;UEC;EMNC;UMEC;UMC;UNEC;USC;UUC
MLH1	Glioma		DIFG;ENCG;AASTR;AOAST;AODG;ASTR;DASTR;DIPG;GB;GBM;GSARC;SCGBM;GNOS;HGGNOS;OAST;ODG;AGNG;APXA;DNT;GNC;GNG;LGGNOS;PAST;PMA;PXA;ANGL;CHGL
MLH1	Small Bowel Cancer		SBC;SIC;DA
MSH2	Adrenocortical Carcinoma	ADRENAL_GLAND	
MSH2	Ampullary Cancer	AMPULLA_OF_VATER	
MSH2	Bladder Cancer	BLADDER	
MSH2	CNS Cancer	BRAIN	
MSH2	Hepatobiliary Cancer	LIVER;BILIARY_TRACT	
MSH2	Ovarian Cancer	OVARY	
MSH2	Pancreatic Cancer	PANCREAS	
MSH2	"Peritoneal Cancer, NOS"	PERITONEUM	
MSH2	Prostate Cancer	PROSTATE	
MSH2	"Skin Cancer, Non-Melanoma"		ADPA;AFX;AN;BCC;CSCC;DF;DFSP;DTE;EMPSGC;EMPD;MCC;MAC;POCA;PORO;PPCT;SEBA;SKAC;SPIR;SGAD;AECA
MSH2	Esophagogastric Cancer	STOMACH	
MSH2	Appendiceal Cancer		APAD;CTAAP;GCCAP;MAAP;SRAP
MSH2	Colorectal Cancer		COADREAD;COAD;CAIS;MACR;READ;SRCCR
MSH2	Endometrial Cancer		CEEN;EBOV;EOV;UCEC;ESS;HGESS;LGESS;UPDC;UASC;UCS;UCCC;UDDC;UEC;EMNC;UMEC;UMC;UNEC;USC;UUC
MSH2	Glioma		DIFG;ENCG;AASTR;AOAST;AODG;ASTR;DASTR;DIPG;GB;GBM;GSARC;SCGBM;GNOS;HGGNOS;OAST;ODG;AGNG;APXA;DNT;GNC;GNG;LGGNOS;PAST;PMA;PXA;ANGL;CHGL
MSH2	Renal Cell Carcinoma		RCC;CCRCC;NCCRCC;SCCRCC;CHRCC;CCPRC;CDRCC;FHRCC;PRCC;RAML;MRC;MTSCC;ROCY;RSCC;SRCC;TRCC;URCC
MSH2	Small Bowel Cancer		SBC;SIC;DA
MSH6	Ampullary Cancer	AMPULLA_OF_VATER	
MSH6	Bladder Cancer	BLADDER	
MSH6	CNS Cancer	BRAIN	
MSH6	Hepatobiliary Cancer	LIVER;BILIARY_TRACT	
MSH6	Ovarian Cancer	OVARY	
MSH6	Pancreatic Cancer	PANCREAS	
MSH6	"Peritoneal Cancer, NOS"	PERITONEUM	
MSH6	Prostate Cancer	PROSTATE	
MSH6	"Skin Cancer, Non-Melanoma"		ADPA;AFX;AN;BCC;CSCC;DF;DFSP;DTE;EMPSGC;EMPD;MCC;MAC;POCA;PORO;PPCT;SEBA;SKAC;SPIR;SGAD;AECA
MSH6	Esophagogastric Cancer	STOMACH	
MSH6	Appendiceal Cancer		APAD;CTAAP;GCCAP;MAAP;SRAP
MSH6	Colorectal Cancer		COADREAD;COAD;CAIS;MACR;READ;SRCCR
MSH6	Endometrial Cancer		CEEN;EBOV;EOV;UCEC;ESS;HGESS;LGESS;UPDC;UASC;UCS;UCCC;UDDC;UEC;EMNC;UMEC;UMC;UNEC;USC;UUC
MSH6	Glioma		DIFG;ENCG;AASTR;AOAST;AODG;ASTR;DASTR;DIPG;GB;GBM;GSARC;SCGBM;GNOS;HGGNOS;OAST;ODG;AGNG;APXA;DNT;GNC;GNG;LGGNOS;PAST;PMA;PXA;ANGL;CHGL
MSH6	Small Bowel Cancer		SBC;SIC;DA
MUTYH	CNS Cancer	BRAIN	
MUTYH	Esophagogastric Cancer	STOMACH	
MUTYH	Appendiceal Cancer		APAD;CTAAP;GCCAP;MAAP;SRAP
MUTYH	Colorectal Cancer		COADREAD;COAD;CAIS;MACR;READ;SRCCR
MUTYH	Glioma		DIFG;ENCG;AASTR;AOAST;AODG;ASTR;DASTR;DIPG;GB;GBM;GSARC;SCGBM;GNOS;HGGNOS;OAST;ODG;AGNG;APXA;DNT;GNC;GNG;LGGNOS;PAST;PMA;PXA;ANGL;CHGL
NF1	CNS Cancer	BRAIN	
NF1	Breast Cancer	BREAST	
NF1	Peripheral Nervous System	PNS	
NF1	Glioma		DIFG;ENCG;AASTR;AOAST;AODG;ASTR;DASTR;DIPG;GB;GBM;GSARC;SCGBM;GNOS;HGGNOS;OAST;ODG;AGNG;APXA;DNT;GNC;GNG;LGGNOS;PAST;PMA;PXA;ANGL;CHGL
NF1	Nerve Sheath Tumor		NST;MPNST;NFIB;SCHW;CSCHW;MSCHW
NF1	PHEO-PGL		PHC
NF2	CNS Cancer	BRAIN	
NF2	Peripheral Nervous System	PNS	
NF2	Glioma		DIFG;ENCG;AASTR;AOAST;AODG;ASTR;DASTR;DIPG;GB;GBM;GSARC;SCGBM;GNOS;HGGNOS;OAST;ODG;AGNG;APXA;DNT;GNC;GNG;LGGNOS;PAST;PMA;PXA;ANGL;CHGL
NF2	Nerve Sheath Tumor		NST;MPNST;NFIB;SCHW;CSCHW;MSCHW
NRAS	CNS Cancer	BRAIN	
NRAS	Soft Tissue Sarcoma	SOFT_TISSUE	
NRAS	Glioma		DIFG;ENCG;AASTR;AOAST;AODG;ASTR;DASTR;DIPG;GB;GBM;GSARC;SCGBM;GNOS;HGGNOS;OAST;ODG;AGNG;APXA;DNT;GNC;GNG;LGGNOS;PAST;PMA;PXA;ANGL;CHGL
PALB2	Ampullary Cancer	AMPULLA_OF_VATER	
PALB2	Breast Cancer	BREAST	
PALB2	Hepatobiliary Cancer	LIVER;BILIARY_TRACT	
PALB2	Ovarian Cancer	OVARY	
PALB2	Pancreatic Cancer	PANCREAS	
PALB2	"Peritoneal Cancer, NOS"	PERITONEUM	
PMS2	CNS Cancer	BRAIN	
PMS2	Prostate Cancer	PROSTATE	
PMS2	Colorectal Cancer		COADREAD;COAD;CAIS;MACR;READ;SRCCR
PMS2	Endometrial Cancer		CEEN;EBOV;EOV;UCEC;ESS;HGESS;LGESS;UPDC;UASC;UCS;UCCC;UDDC;UEC;EMNC;UMEC;UMC;UNEC;USC;UUC
PMS2	Glioma		DIFG;ENCG;AASTR;AOAST;AODG;ASTR;DASTR;DIPG;GB;GBM;GSARC;SCGBM;GNOS;HGGNOS;OAST;ODG;AGNG;APXA;DNT;GNC;GNG;LGGNOS;PAST;PMA;PXA;ANGL;CHGL
POLD1	CNS Cancer	BRAIN	
POLD1	Ovarian Cancer	OVARY	
POLD1	Esophagogastric Cancer	STOMACH	
POLD1	Colorectal Cancer		COADREAD;COAD;CAIS;MACR;READ;SRCCR
POLD1	Endometrial Cancer		CEEN;EBOV;EOV;UCEC;ESS;HGESS;LGESS;UPDC;UASC;UCS;UCCC;UDDC;UEC;EMNC;UMEC;UMC;UNEC;USC;UUC
POLD1	Germ Cell Tumor		BGCT;BMGCT;EGCT;OGCT;ODYS;OEC;OIMT;OMT;OMGCT;OPE;OYST;VGCT;VDYS;VOEC;VIMT;VMT;VMGCT;VPE;VYST;NSGCT;TCCA;EMBCA;GCTSTM;MGCT;TT;TYST;SEM
POLE	CNS Cancer	BRAIN	
POLE	Ovarian Cancer	OVARY	
POLE	Esophagogastric Cancer	STOMACH	
POLE	Colorectal Cancer		COADREAD;COAD;CAIS;MACR;READ;SRCCR
POLE	Endometrial Cancer		CEEN;EBOV;EOV;UCEC;ESS;HGESS;LGESS;UPDC;UASC;UCS;UCCC;UDDC;UEC;EMNC;UMEC;UMC;UNEC;USC;UUC
POLE	Germ Cell Tumor		BGCT;BMGCT;EGCT;OGCT;ODYS;OEC;OIMT;OMT;OMGCT;OPE;OYST;VGCT;VDYS;VOEC;VIMT;VMT;VMGCT;VPE;VYST;NSGCT;TCCA;EMBCA;GCTSTM;MGCT;TT;TYST;SEM
POLE	Glioma		DIFG;ENCG;AASTR;AOAST;AODG;ASTR;DASTR;DIPG;GB;GBM;GSARC;SCGBM;GNOS;HGGNOS;OAST;ODG;AGNG;APXA;DNT;GNC;GNG;LGGNOS;PAST;PMA;PXA;ANGL;CHGL
PTCH1	CNS Cancer	BRAIN	
PTCH1	Head and Neck Cancer	HEAD_NECK	
PTCH1	"Skin Cancer, Non-Melanoma"		ADPA;AFX;AN;BCC;CSCC;DF;DFSP;DTE;EMPSGC;EMPD;MCC;MAC;POCA;PORO;PPCT;SEBA;SKAC;SPIR;SGAD;AECA
PTCH1	Embryonal Tumor		EMBT;ATRT;DMBL;ETANTR;AMBL;MBL;MBEN;MDEP;MMB;MMBL;ONBL;PNET;DMBLNOS;DMBLSHH;AMBLNOS;AMBLNWS;AMBLSHH;AMBLNWSG3;AMBLNWSG4;MBLG3;MBLG4;MBLNOS;MBLNWS;MBLSHH;MBLWNT;MBENNOS;MBENSHH;BEC;UESL;OEC;EMBCA;VOEC
PTEN	CNS Cancer	BRAIN	
PTEN	Breast Cancer	BREAST	
PTEN	"Skin Cancer, Non-Melanoma"		ADPA;AFX;AN;BCC;CSCC;DF;DFSP;DTE;EMPSGC;EMPD;MCC;MAC;POCA;PORO;PPCT;SEBA;SKAC;SPIR;SGAD;AECA
PTEN	Thyroid Cancer	THYROID	
PTEN	Appendiceal Cancer		APAD;CTAAP;GCCAP;MAAP;SRAP
PTEN	Colorectal Cancer		COADREAD;COAD;CAIS;MACR;READ;SRCCR
PTEN	Endometrial Cancer		CEEN;EBOV;EOV;UCEC;ESS;HGESS;LGESS;UPDC;UASC;UCS;UCCC;UDDC;UEC;EMNC;UMEC;UMC;UNEC;USC;UUC
PTEN	Melanoma		URMM;ARMM;PCNSM;ESMM;OM;CM;UM;HNMUCM;KEL;ACRM;SKCN;SKCM;DESM;SKLMM;MUP;SPZM;VMM
PTEN	Small Bowel Cancer		SBC;SIC;DA
RAD51C	Breast Cancer	BREAST	
RAD51C	Ovarian Cancer	OVARY	
RAD51C	"Peritoneal Cancer, NOS"	PERITONEUM	
RAD51D	Breast Cancer	BREAST	
RAD51D	Ovarian Cancer	OVARY	
RAD51D	"Peritoneal Cancer, NOS"	PERITONEUM	
RB1	Bone Cancer	BONE	
RB1	CNS Cancer	BRAIN	
RB1	Embryonal Tumor		EMBT;ATRT;DMBL;ETANTR;AMBL;MBL;MBEN;MDEP;MMB;MMBL;ONBL;PNET;DMBLNOS;DMBLSHH;AMBLNOS;AMBLNWS;AMBLSHH;AMBLNWSG3;AMBLNWSG4;MBLG3;MBLG4;MBLNOS;MBLNWS;MBLSHH;MBLWNT;MBENNOS;MBENSHH;BEC;UESL;OEC;EMBCA;VOEC
RB1	Melanoma		URMM;ARMM;PCNSM;ESMM;OM;CM;UM;HNMUCM;KEL;ACRM;SKCN;SKCM;DESM;SKLMM;MUP;SPZM;VMM
RB1	Retinoblastoma		RBL
RET	Thyroid Cancer	THYROID	
RET	Parathyroid Cancer		PTH;PTHC
RET	PHEO-PGL		PHC
SDHA	Head and Neck Cancer	HEAD_NECK	
SDHA	Thymic Tumor	THYMUS	
SDHA	Gastrointestinal Stromal Tumor		GIST
SDHA	PHEO-PGL		PHC
SDHAF2	PHEO-PGL		PHC
SDHB	Head and Neck Cancer	HEAD_NECK	
SDHB	Thymic Tumor	THYMUS	
SDHB	Gastrointestinal Stromal Tumor		GIST
SDHB	PHEO-PGL		PHC
SDHB	Renal Cell Carcinoma		RCC;CCRCC;NCCRCC;SCCRCC;CHRCC;CCPRC;CDRCC;FHRCC;PRCC;RAML;MRC;MTSCC;ROCY;RSCC;SRCC;TRCC;URCC
SDHC	Head and Neck Cancer	HEAD_NECK	
SDHC	Thymic Tumor	THYMUS	
SDHC	Gastrointestinal Stromal Tumor		GIST
SDHC	PHEO-PGL		PHC
SDHD	Head and Neck Cancer	HEAD_NECK	
SDHD	Thymic Tumor	THYMUS	
SDHD	Gastrointestinal Stromal Tumor		GIST
SDHD	PHEO-PGL		PHC
SMAD4	Appendiceal Cancer		APAD;CTAAP;GCCAP;MAAP;SRAP
SMAD4	Colorectal Cancer		COADREAD;COAD;CAIS;MACR;READ;SRCCR
SMAD4	Sellar Tumor		SELT;APTAD;ACPG;PCGP;GCT;PTCY;PTAD;PTCA;SCOAH
SMAD4	Small Bowel Cancer		SBC;SIC;DA
SMARCA4	CNS Cancer	BRAIN	
SMARCA4	Ovarian Cancer	OVARY	
SMARCA4	Peripheral Nervous System	PNS	
SMARCA4	Soft Tissue Sarcoma	SOFT_TISSUE	
SMARCA4	Sellar Tumor		SELT;APTAD;ACPG;PCGP;GCT;PTCY;PTAD;PTCA;SCOAH
SMARCA4	"Soft Tissue, Rhabdoid"		MRT
SMARCB1	CNS Cancer	BRAIN	
SMARCB1	Peripheral Nervous System	PNS	
SMARCB1	Soft Tissue Sarcoma	SOFT_TISSUE	
SMARCB1	"Soft Tissue, Rhabdoid"		MRT
STK11	Ampullary Cancer	AMPULLA_OF_VATER	
STK11	Breast Cancer	BREAST	
STK11	Cervical Cancer	CERVIX	
STK11	Hepatobiliary Cancer	LIVER;BILIARY_TRACT	
STK11	Pancreatic Cancer	PANCREAS	
STK11	Esophagogastric Cancer	STOMACH	
STK11	Appendiceal Cancer		APAD;CTAAP;GCCAP;MAAP;SRAP
STK11	Colorectal Cancer		COADREAD;COAD;CAIS;MACR;READ;SRCCR
STK11	Sex Cord Stromal Tumor		SCST;FT;OGBL;GRCT;SLCT;SCT;TSCST
STK11	Small Bowel Cancer		SBC;SIC;DA
SUFU	CNS Cancer	BRAIN	
SUFU	Embryonal Tumor		EMBT;ATRT;DMBL;ETANTR;AMBL;MBL;MBEN;MDEP;MMB;MMBL;ONBL;PNET;DMBLNOS;DMBLSHH;AMBLNOS;AMBLNWS;AMBLSHH;AMBLNWSG3;AMBLNWSG4;MBLG3;MBLG4;MBLNOS;MBLNWS;MBLSHH;MBLWNT;MBENNOS;MBENSHH;BEC;UESL;OEC;EMBCA;VOEC
SUFU	Germ Cell Tumor		BGCT;BMGCT;EGCT;OGCT;ODYS;OEC;OIMT;OMT;OMGCT;OPE;OYST;VGCT;VDYS;VOEC;VIMT;VMT;VMGCT;VPE;VYST;NSGCT;TCCA;EMBCA;GCTSTM;MGCT;TT;TYST;SEM
TERT	"Skin Cancer, Non-Melanoma"		ADPA;AFX;AN;BCC;CSCC;DF;DFSP;DTE;EMPSGC;EMPD;MCC;MAC;POCA;PORO;PPCT;SEBA;SKAC;SPIR;SGAD;AECA
TERT	Melanoma		URMM;ARMM;PCNSM;ESMM;OM;CM;UM;HNMUCM;KEL;ACRM;SKCN;SKCM;DESM;SKLMM;MUP;SPZM;VMM
TMEM127	PHEO-PGL		PHC
TP53	Adrenocortical Carcinoma	ADRENAL_GLAND	
TP53	Bone Cancer	BONE	
TP53	CNS Cancer	BRAIN	
TP53	Breast Cancer	BREAST	
TP53	Soft Tissue Sarcoma	SOFT_TISSUE	
TP53	Colorectal Cancer		COADREAD;COAD;CAIS;MACR;READ;SRCCR
TP53	Embryonal Tumor		EMBT;ATRT;DMBL;ETANTR;AMBL;MBL;MBEN;MDEP;MMB;MMBL;ONBL;PNET;DMBLNOS;DMBLSHH;AMBLNOS;AMBLNWS;AMBLSHH;AMBLNWSG3;AMBLNWSG4;MBLG3;MBLG4;MBLNOS;MBLNWS;MBLSHH;MBLWNT;MBENNOS;MBENSHH;BEC;UESL;OEC;EMBCA;VOEC
TP53	Gestational Trophoblastic Disease		GTD;UCCA;ETT;MP;PSTT;CHM;IHM;PHM
TP53	Glioma		DIFG;ENCG;AASTR;AOAST;AODG;ASTR;DASTR;DIPG;GB;GBM;GSARC;SCGBM;GNOS;HGGNOS;OAST;ODG;AGNG;APXA;DNT;GNC;GNG;LGGNOS;PAST;PMA;PXA;ANGL;CHGL
TP53	Wilms Tumor		WT
TSC1	CNS Cancer	BRAIN	
TSC1	Soft Tissue Sarcoma	SOFT_TISSUE	
TSC1	Glioma		DIFG;ENCG;AASTR;AOAST;AODG;ASTR;DASTR;DIPG;GB;GBM;GSARC;SCGBM;GNOS;HGGNOS;OAST;ODG;AGNG;APXA;DNT;GNC;GNG;LGGNOS;PAST;PMA;PXA;ANGL;CHGL
TSC1	Renal Cell Carcinoma		RCC;CCRCC;NCCRCC;SCCRCC;CHRCC;CCPRC;CDRCC;FHRCC;PRCC;RAML;MRC;MTSCC;ROCY;RSCC;SRCC;TRCC;URCC
TSC2	CNS Cancer	BRAIN	
TSC2	Soft Tissue Sarcoma	SOFT_TISSUE	
TSC2	Glioma		DIFG;ENCG;AASTR;AOAST;AODG;ASTR;DASTR;DIPG;GB;GBM;GSARC;SCGBM;GNOS;HGGNOS;OAST;ODG;AGNG;APXA;DNT;GNC;GNG;LGGNOS;PAST;PMA;PXA;ANGL;CHGL
TSC2	Renal Cell Carcinoma		RCC;CCRCC;NCCRCC;SCCRCC;CHRCC;CCPRC;CDRCC;FHRCC;PRCC;RAML;MRC;MTSCC;ROCY;RSCC;SRCC;TRCC;URCC
VHL	Adrenocortical Carcinoma	ADRENAL_GLAND	
VHL	Pancreatic Cancer	PANCREAS	
VHL	Glioma		DIFG;ENCG;AASTR;AOAST;AODG;ASTR;DASTR;DIPG;GB;GBM;GSARC;SCGBM;GNOS;HGGNOS;OAST;ODG;AGNG;APXA;DNT;GNC;GNG;LGGNOS;PAST;PMA;PXA;ANGL;CHGL
VHL	PHEO-PGL		PHC
VHL	Renal Cell Carcinoma		RCC;CCRCC;NCCRCC;SCCRCC;CHRCC;CCPRC;CDRCC;FHRCC;PRCC;RAML;MRC;MTSCC;ROCY;RSCC;SRCC;TRCC;URCC
WT1	Wilms Tumor		WT